,legislador_id,agrupacion,agrupacion_color,camara,mail,nombre,partido
94475,446,Kirchnerismo y aliados,#A5D4E5,senadores,maria.pilattivergara@senado.gov.ar ,"PILATTI VERGARA.,  María Inés",
94476,362,Cambiemos,#FEDB30,senadores,ernesto.martinezcarignano@senado.gov.ar,"Martínez.,  Ernesto Félix",
94477,925,Cambiemos,#FEDB30,senadores,alfredo.martinez@senado.gov.ar ,"Martínez., Alfredo Anselmo",
94478,947,Massismo y aliados,#b185b7,senadores,alfredo.luenzo@senado.gob.ar ,"Luenzo., Alfredo Héctor",
94479,946,Kirchnerismo y aliados,#A5D4E5,senadores,daniel.lovera@senado.gob.ar ,"Lovera., Daniel Aníbal	",
94480,923,Otros,#A6A6A6,senadores,jaime.linares@senado.gov.ar ,"Linares., Jaime",
94481,909,Kirchnerismo y aliados,#A5D4E5,senadores,maria.labado@senado.gov.ar ,"Labado., María Ester",
94482,908,Kirchnerismo y aliados,#A5D4E5,senadores,sigrid.kunath@senado.gov.ar ,"Kunath., Sigrid Elisabeth",
94483,922,Kirchnerismo y aliados,#A5D4E5,senadores,ada.iturrez@senado.gov.ar ,"Iturrez de Cappellini.	, Ada Rosa Del Valle",
94484,499,Cambiemos,#FEDB30,senadores,angel.rozas@senado.gov.ar ,"ROZAS.,  Ángel",
94485,907,Kirchnerismo y aliados,#A5D4E5,senadores,pedro.guastavino@senado.gov.ar ,"Guastavino., Pedro Guillermo Ángel",
94486,270,Kirchnerismo y aliados,#A5D4E5,senadores,nancy.gonzalez@senado.gob.ar ,"GONZALEZ.,  Nancy Susana",
94487,898,Kirchnerismo y aliados,#A5D4E5,senadores,maria.sacnun@senado.gob.ar ,"Sacnun., Ángeles",
94488,926,Kirchnerismo y aliados,#A5D4E5,senadores,mayans@senado.gov.ar ,"Mayans., José Miguel Ángel",
94489,937,Kirchnerismo y aliados,#A5D4E5,senadores,marina.riofrio@senado.gov.ar ,"Riofrío., Marina Raquel",
94490,447,Cambiemos,#FEDB30,senadores,federico.pinedo@senado.gob.ar ,"PINEDO.,  Federico",
94491,935,Cambiemos,#FEDB30,senadores,luis.petcoffnaidenoff@senado.gov.ar ,"Petcoff Naidenoff., Luis Carlos",
94492,934,Kirchnerismo y aliados,#A5D4E5,senadores,daniel.persico@senado.gov.ar ,"Pérsico., Daniel Raúl",
94493,440,Kirchnerismo y aliados,#A5D4E5,senadores,omar.perotti@senado.gob.ar ,"PEROTTI.,  Omar Ángel",
94494,949,Cambiemos,#FEDB30,senadores,laura.rodriguezmachado@senado.gob.ar ,"Rodríguez Machado., Laura Elena",
94495,421,PJ ,#A05F11,senadores,juan.pais@senado.gob.ar ,"PAIS.,  Juan Mario",
94496,902,Kirchnerismo y aliados,#A5D4E5,senadores,jose.ojeda@senado.gob.ar ,"Ojeda., José Anatolio",
94497,932,Otros,#A6A6A6,senadores,,"Odarda., María Magdalena",
94498,931,PJ ,#A05F11,senadores,lnegre@senado.gov.ar ,"Negre de Alonso., Liliana Teresita",
94499,948,PJ ,#A05F11,senadores,reuteman@senado.gov.ar ,"Reutemann., Carlos Alberto",
94500,381,Kirchnerismo y aliados,#A5D4E5,senadores,beatriz.mirkin@senado.gob.ar ,"MIRKIN.,  Beatriz Graciela",
94501,374,Kirchnerismo y aliados,#A5D4E5,senadores,dalmacio.mera@senado.gob.ar ,"MERA.,  Dalmacio",
94502,921,PJ ,#A05F11,senadores,sandra.gimenez@senado.gov.ar ,"Giménez., Sandra Daniela",
94503,930,Cambiemos,#FEDB30,senadores,silvia.giacoppo@senado.gob.ar ,"Giacoppo., Silvia Del Rosario",
94504,605,Cambiemos,#FEDB30,senadores,julio.cobos@senado.gob.ar ,"Cobos.,  julio césar cleto",
94505,129,Kirchnerismo y aliados,#A5D4E5,senadores,julio.catalanmagni@senado.gov.ar ,"CATALAN MAGNI.,  Julio César",
94506,940,Kirchnerismo y aliados,#A5D4E5,senadores,rodolfo.urtubey@senado.gov.ar ,"Urtubey., Rodolfo Julio	",
94507,928,Cambiemos,#FEDB30,senadores,marta.varela@senado.gob.ar ,"Varela., Marta",
94508,945,Cambiemos,#FEDB30,senadores,@PameVerasay,"Verasay., Pamela Fernanda",
94509,950,Cambiemos,#FEDB30,senadores,nestor.braillardpoccard@senado.gob.ar,"Braillard Poccard., Néstor Pedro",
94510,896,Kirchnerismo y aliados,#A5D4E5,senadores,ines.blas@senado.gov.ar ,"Blas., Inés Imelda",
94511,911,PJ ,#A05F11,senadores,roberto.basualdo@senado.gov.ar ,"Basualdo., Roberto Gustavo",
94512,901,Kirchnerismo y aliados,#A5D4E5,senadores,walter.barrionuevo@senado.gov.ar ,"Barrionuevo., Walter",
94513,895,Kirchnerismo y aliados,#A5D4E5,senadores,jose.alperovich@senado.gob.ar ,"Alperovich., José",
94514,894,Kirchnerismo y aliados,#A5D4E5,senadores,ana.almiron@senado.gob.ar ,"Almirón., Ana Claudia",
94515,11,Kirchnerismo y aliados,#A5D4E5,senadores,hilda.aguirre@senado.gov.ar ,"AGUIRRE.,  Hilda Clelia",
94516,900,Kirchnerismo y aliados,#A5D4E5,senadores,eduardo.aguilar@senado.gov.ar ,"Aguilar., Eduardo Alberto",
94517,920,Otros,#A6A6A6,senadores,lucila.crexell@senado.gov.ar ,"Crexell., Carmen Lucila",
94518,903,Cambiemos,#FEDB30,senadores,alfredo.deangeli@senado.gov.ar ,"De Ángeli., Alfredo Luis",
94519,906,Kirchnerismo y aliados,#A5D4E5,senadores,virginia.garcia@senado.gob.ar ,"García., Virginia María",
94520,238,Kirchnerismo y aliados,#A5D4E5,senadores,silvina.garcialarraburu@senado.gov.ar ,"GARCIA LARRABURU.,  Silvina Marcela",
94521,224,Otros,#A6A6A6,senadores,maria.fiorevinuales@senado.gov.ar ,"FIORE VIÑUALES.,  María Cristina del Valle",
94522,211,Kirchnerismo y aliados,#A5D4E5,senadores,anabel.fernandezsagasti@senado.gob.ar ,"FERNÁNDEZ SAGASTI.,  Anabel",
94523,904,Kirchnerismo y aliados,#A5D4E5,senadores,liliana.fellner@senado.gov.ar ,"Fellner., Liliana Beatriz",
94524,897,Kirchnerismo y aliados,#A5D4E5,senadores,carlos.espinola@senado.gob.ar ,"Espínola., Carlos",
94525,943,Cambiemos,#FEDB30,senadores,silvia.elias@senado.gov.ar ,"Elías de Perez., Silvia Beatríz",
94526,910,Kirchnerismo y aliados,#A5D4E5,senadores,norma.durango@senado.gob.ar,"Durango., Norma",
94527,173,Kirchnerismo y aliados,#A5D4E5,senadores,delarosa@senado.gov.ar ,"de la ROSA., Maria Graciela",
94528,899,Kirchnerismo y aliados,#A5D4E5,senadores,juan.abalmedina@senado.gov.ar ,"Abal Medina., Juan Manuel",
94529,941,Kirchnerismo y aliados,#A5D4E5,senadores,gerardo.zamora@senado.gov.ar ,"Zamora., Gerardo",
94530,939,PJ ,#A05F11,senadores,juan.romero@senado.gov.ar ,"Romero., Juan Carlos",
94531,526,Otros,#A6A6A6,senadores,fernando.solanas@senado.gov.ar ,"SOLANAS.,  Fernando Ezequiel",
94532,938,PJ ,#A05F11,senadores,adolfo.rodriguezsaa@senado.gov.ar ,"Rodríguez Saá., Adolfo",
94533,933,PJ ,#A05F11,senadores,guillermo.pereyra@senado.gov.ar ,"Pereyra., Guillermo Juan",
94534,936,Kirchnerismo y aliados,#A5D4E5,senadores,pichetto@senado.gov.ar ,"Pichetto., Miguel Ángel	",
94535,913,Kirchnerismo y aliados,#A5D4E5,senadores,salvador.cabral@senado.gov.ar ,"Cabral., Salvador",
94536,125,Massismo y aliados,#b185b7,senadores,carlos.caserio@senado.gob.ar ,"Caserio.,  Carlos Alberto",
94537,942,Cambiemos,#FEDB30,senadores,castillo@senado.gov.ar ,"Castillo., Oscar Aníbal",
94538,905,Kirchnerismo y aliados,#A5D4E5,senadores,marcelo.fuentes@senado.gov.ar ,"Fuentes., Marcelo Jorge",
94539,265,Kirchnerismo y aliados,#A5D4E5,senadores,ruperto.godoy@senado.gov.ar ,"GODOY.,  Ruperto Eduardo",
94540,297,Kirchnerismo y aliados,#A5D4E5,senadores,juan.irrazabal@senado.gov.ar ,"IRRAZABAL.,  Juan Manuel",
94541,323,Kirchnerismo y aliados,#A5D4E5,senadores,maria.leguizamon@senado.gov.ar ,"LEGUIZAMON.,  María Laura",
94542,924,Kirchnerismo y aliados,#A5D4E5,senadores,mirta.luna@senado.gov.ar ,"Luna., Mirtha María Teresita",
94543,944,Cambiemos,#FEDB30,senadores,juan.marino@senado.gov.ar ,"Marino., Juan Carlos",
94544,927,Otros,#A6A6A6,senadores,carlos.menem@senado.gov.ar ,"Menem., Carlos Saúl",
94545,929,,,senadores,gerardo.montenegro@senado.gov.ar ,"Montenegro., Gerardo Antenor",
94546,912,Massismo y aliados,#b185b7,senadores,miriam.boyadjian@senado.gov.ar ,"Boyadjian., Miriam Ruth",
95450,1197,,,senadores,,"Caseiro,  Carlos Alberto",
108779,1206,Kirchnerismo y aliados,#A5D4E5,senadores,,"GonzÁLez,  MarÍA Teresa Margarita",FRENTE PARA LA VICTORIA
120509,1319,PJ ,#A05F11,senadores,,"López Valverde,  Cristina",FRENTE DE TODOS
120516,266,Cambiemos,#FEDB30,senadores,ggonzalez@diputados.gob.ar,"GONZÁLEZ,  Gladys Esther",
120518,1320,Cambiemos,#FEDB30,senadores,jmartinez@diputados.gob.ar,"MartÍNez,  Julio",
120526,1321,Cambiemos,#FEDB30,senadores,,"Poggi,  Claudio",Cambiemos por San Luis
120530,1322,PJ ,#A05F11,senadores,,"Porcel De Riccobelli,  Blanca",
120536,99,Cambiemos,#FEDB30,senadores,,"BULLRICH,  Esteban José",
120537,95,Cambiemos,#FEDB30,senadores,,"BRIZUELA Y DORIA DE CARA,  Olga Inés",
120545,776,Otros,#A6A6A6,senadores,mcloss@diputados.gob.ar,"Closs., Maurice Fabián",
120547,1323,Cambiemos,#FEDB30,senadores,,"Schiavoni,  Humberto",Cambiemos
120549,1317,Cambiemos,#FEDB30,senadores,mfiad@diputados.gob.ar,"Fiad,  Mario R.",
120550,808,PJ ,#A05F11,senadores,gsnopek@diputados.gob.ar,"Snopek., Guillermo",
120551,1324,Otros,#A6A6A6,senadores,,"Solari Quintana,  Magdalena",FRENTE RENOVADOR DE LA CONCORDIA
120554,1325,Cambiemos,#FEDB30,senadores,,"Tapia,  MarÍA BÉLen",Cambiemos
120557,1326,PJ ,#A05F11,senadores, junac@diputados.gob.ar,"UÑAc,  JosÉ RubÉN.",
120559,156,Cambiemos,#FEDB30,senadores,ecosta@diputados.gob.ar,"COSTA,  Eduardo Raúl",
120563,1316,Kirchnerismo y aliados,#A5D4E5,senadores,,"Fernández De Kirchner,  Cristina",UNIDAD CIUDADANA
120566,1314,Otros,#A6A6A6,senadores,,"Catalfamo,  Eugenia",Frente Unidad Justicialista San Luis
120574,290,Kirchnerismo y aliados,#A5D4E5,senadores,aianni@diputados.gob.ar,"IANNI,  Ana María",
150022,1342,Izquierda,#D23939,senadores,,"Schlotthauer,  Monica Leticia",Izquierda Socialista - FIT
150023,827,Peronismo no K,#00FF50,senadores,anazario@diputados.gob.ar,"Nazario., Adriana",CÓRDOBA FEDERAL
150024,791,Kirchnerismo/PJ,#A5D4E5,senadores,jhuss@diputados.gob.ar,"Huss., Juan Manuel",FRENTE PARA LA VICTORIA
150025,316,Kirchnerismo/PJ,#A5D4E5,senadores,alarroque@diputados.gob.ar,"LARROQUE,  Andrés",FRENTE PARA LA VICTORIA
150026,807,Kirchnerismo/PJ,#A5D4E5,senadores,jruiza@diputados.gob.ar,"Ruiz Aragón., José",FRENTE PARA LA VICTORIA
150027,666,Kirchnerismo/PJ,#A5D4E5,senadores,ilotto@diputados.gob.ar,"lotto,  inés beatriz",FRENTE PARA LA VICTORIA
150028,789,Kirchnerismo/PJ,#A5D4E5,senadores, mguerin@diputados.gob.ar,"Guerín., María Isabel",FRENTE PARA LA VICTORIA
150029,786,Kirchnerismo/PJ,#A5D4E5,senadores,ffurlan@diputados.gob.ar,"Furlán., Francisco",FRENTE PARA LA VICTORIA
150030,1212,Kirchnerismo/PJ,#A5D4E5,senadores,,"Llanos Massa, Ana Maria",FRENTE PARA LA VICTORIA
150031,858,Cambiemos,#FEDB30,senadores,purroz@diputados.gob.ar,"Urroz., Paula Marcela",PRO
150032,1303,Cambiemos,#FEDB30,senadores,,"Suarez Lastra,  Facundo",UNIÓN CÍVICA RADICAL
150033,874,Cambiemos,#FEDB30,senadores,hgoicoechea@diputados.gob.ar,"Goicoechea., Horacio",UNIÓN CÍVICA RADICAL
150034,876,Cambiemos,#FEDB30,senadores,hmarcucci@diputados.gob.ar,"Marcucci., Hugo María",UNIÓN CÍVICA RADICAL
150035,880,Cambiemos,#FEDB30,senadores, mnanniv@diputados.gob.ar,"Nanni., Miguel",UNIÓN CÍVICA RADICAL
150036,773,Kirchnerismo/PJ,#A5D4E5,senadores,acarol@diputados.gob.ar,"Carol., Analuz Ailen",FRENTE PARA LA VICTORIA
150037,798,Kirchnerismo/PJ,#A5D4E5,senadores,vmercado@diputados.gob.ar,"Mercado., Verónica",FRENTE PARA LA VICTORIA
150038,1236,Peronismo no K,#00FF50,senadores,,"Cassinerio,  Paulo Leonardo",CÓRDOBA FEDERAL
150039,1307,Peronismo no K,#00FF50,senadores,,"Vigo,  Alejandra María",CÓRDOBA FEDERAL
150040,1269,Kirchnerismo/PJ,#A5D4E5,senadores,,"Medina,  Gladys",JUSTICIALISTA POR TUCUMÁN
150041,382,Kirchnerismo/PJ,#A5D4E5,senadores,,"MOISES,  María Carolina",JUSTICIALISTA
150042,831,Kirchnerismo/PJ,#A5D4E5,senadores,cselva@diputados.gob.ar,"Selva., Carlos Américo",FEDERAL UNIDOS POR UNA NUEVA ARGENTINA
150043,819,Kirchnerismo/PJ,#A5D4E5,senadores,gbevilacqua@diputados.gob.ar,"Bevilacqua., Gustavo",FEDERAL UNIDOS POR UNA NUEVA ARGENTINA
150044,825,Kirchnerismo/PJ,#A5D4E5,senadores,mmorales@diputados.gob.ar,"Morales., Mariana",FEDERAL UNIDOS POR UNA NUEVA ARGENTINA
150045,1343,Cambiemos,#FEDB30,senadores,,"Moretti,  José",FEDERAL UNIDOS POR UNA NUEVA ARGENTINA
150046,1238,Otros,#A6A6A6,senadores,,"Contigiani,  Luis Gustavo",FRENTE PROGRESISTA CÍVICO Y SOCIAL
150047,616,Kirchnerismo/PJ,#A5D4E5,senadores,vdondap@diputados.gob.ar,"donda,  victoria",SOMOS
150048,274,Kirchnerismo/PJ,#A5D4E5,senadores,lgrosso@diputados.gob.ar,"GROSSO.,  Leonardo",MOVIMIENTO EVITA
150049,779,Kirchnerismo/PJ,#A5D4E5,senadores,ldeponti@diputados.gob.ar,"De Ponti., Lucila María",MOVIMIENTO EVITA
150050,1306,Kirchnerismo/PJ,#A5D4E5,senadores,,"Vázquez,  Juan Benedicto",FRENTE PARA LA VICTORIA
150051,879,Cambiemos,#FEDB30,senadores,mmonfort@diputados.gob.ar,"Monfort., Marcelo Alejandro",UNIÓN CÍVICA RADICAL
150052,864,Cambiemos,#FEDB30,senadores,sbuil@diputados.gob.ar,"Buil., Sergio Omar",PRO
150053,859,Cambiemos,#FEDB30,senadores,jvillalonga@diputados.gob.ar,"Villalonga., Juan Carlos",PRO
150054,826,Kirchnerismo/PJ,#A5D4E5,senadores,cmoreau@diputados.gob.ar,"Moreau., Cecilia",FEDERAL UNIDOS POR UNA NUEVA ARGENTINA
150055,828,Kirchnerismo/PJ,#A5D4E5,senadores,mpasso@diputados.gob.ar,"Passo., Marcela",FEDERAL UNIDOS POR UNA NUEVA ARGENTINA
150056,1220,Kirchnerismo/PJ,#A5D4E5,senadores,,"Alume Sbodio,  Karim Augusto",UNIDAD JUSTICIALISTA
150057,1292,Kirchnerismo/PJ,#A5D4E5,senadores,,"Rosso,  Victoria",UNIDAD JUSTICIALISTA
150058,1289,Kirchnerismo/PJ,#A5D4E5,senadores,,"Rodenas,  Alejandra",NUEVO ESPACIO SANTAFESINO
150059,784,Kirchnerismo/PJ,#A5D4E5,senadores,sfrana@diputados.gob.ar,"Frana., Silvina Patricia",FRENTE PARA LA VICTORIA
150060,1296,Kirchnerismo/PJ,#A5D4E5,senadores,,"Salvarezza,  Roberto",FRENTE PARA LA VICTORIA
150061,139,Kirchnerismo/PJ,#A5D4E5,senadores,aciampini@diputados.gob.ar,"CIAMPINI,  José Alberto",FRENTE PARA LA VICTORIA
150062,510,Kirchnerismo/PJ,#A5D4E5,senadores,wsantillan@diputados.gob.ar,"SANTILLÁN,  Walter Marcelo",FRENTE PARA LA VICTORIA
150063,1219,Kirchnerismo/PJ,#A5D4E5,senadores,,"Alonso,  Laura Valeria",FRENTE PARA LA VICTORIA
150064,1310,Kirchnerismo/PJ,#A5D4E5,senadores,,"Yasky,  Hugo",FRENTE PARA LA VICTORIA
150065,1235,Kirchnerismo/PJ,#A5D4E5,senadores,,"Carro,  Pablo",FRENTE PARA LA VICTORIA
150066,1301,Kirchnerismo/PJ,#A5D4E5,senadores,,"Siley,  Vanesa",FRENTE PARA LA VICTORIA
150067,830,Kirchnerismo/PJ,#A5D4E5,senadores,cpitiot@diputados.gob.ar,"Pitiot., Carla Betina",FEDERAL UNIDOS POR UNA NUEVA ARGENTINA
150068,824,Kirchnerismo/PJ,#A5D4E5,senadores,vmassetani@diputados.gob.ar,"Massetani., Vanesa",FEDERAL UNIDOS POR UNA NUEVA ARGENTINA
150069,71,Cambiemos,#FEDB30,senadores,,"BENEDETTI,  Atilio Francisco Salvador",UNIÓN CÍVICA RADICAL
150070,1222,Cambiemos,#FEDB30,senadores,,"Arce,  Mario Horacio",UNIÓN CÍVICA RADICAL
150071,875,Cambiemos,#FEDB30,senadores,mhernandez@diputados.gob.ar,"Hernández., Martín",UNIÓN CÍVICA RADICAL
150072,609,Cambiemos,#FEDB30,senadores, jriccardo@diputados.gob.ar,"riccardo,  josé luis",UNIÓN CÍVICA RADICAL
150073,1260,Cambiemos,#FEDB30,senadores,,"Lacoste,  Jorge Enrique",UNIÓN CÍVICA RADICAL
150074,838,Cambiemos,#FEDB30,senadores,sacerenza@diputados.gob.ar,"Acerenza., Samantha",PRO
150075,623,Cambiemos,#FEDB30,senadores,gscaglia@diputados.gob.ar,"scaglia,  gisela",PRO
150076,1308,Cambiemos,#FEDB30,senadores,,"Villa,  Natalia Soledad",PRO
150077,1240,Kirchnerismo/PJ,#A5D4E5,senadores,,"Cresto,  Mayda",JUSTICIALISTA
150078,588,Kirchnerismo/PJ,#A5D4E5,senadores,,"ZOTTOS,  Miguel Andrés Costas",JUSTICIALISTA
150079,1263,Peronismo no K,#00FF50,senadores,,"Llaryora,  MartíN Miguel",CÓRDOBA FEDERAL
150080,1311,Kirchnerismo/PJ,#A5D4E5,senadores,,"Yedlin,  Pablo Raúl",JUSTICIALISTA POR TUCUMÁN
150081,769,Kirchnerismo/PJ,#A5D4E5,senadores, lherrera@diputados.gob.ar,"Herrera., Luis Beder",JUSTICIALISTA
150082,1239,Kirchnerismo/PJ,#A5D4E5,senadores,,"Correa,  Walter",FRENTE PARA LA VICTORIA
150083,1233,Cambiemos,#FEDB30,senadores,,"Carambia,  Antonio José",PRO
150084,1312,Cambiemos,#FEDB30,senadores,,"Zamarbide,  Federico RaùL",UNIÓN CÍVICA RADICAL
150085,412,Cambiemos,#FEDB30,senadores,aolmedo@diputados.gob.ar,"OLMEDO.,  Alfredo Horacio",SALTA SOMOS TODOS
150086,208,Kirchnerismo/PJ,#A5D4E5,senadores,,"FELIX,  Omar",SOMOS MENDOZA
150087,1330,Kirchnerismo/PJ,#A5D4E5,senadores,,"Sapag,  Alma Liliana",MOVIMIENTO POPULAR NEUQUINO
150088,1,Kirchnerismo/PJ,#A5D4E5,senadores,nabdaladem@diputados.gob.ar,"Abdala de Matarazzo,  Norma Amanda",FRENTE CÍVICO POR SANTIAGO
150089,403,Otros,#A6A6A6,senadores, gnavarro@diputados.gob.ar,"NAVARRO,  Graciela",FRENTE CÍVICO POR SANTIAGO
150090,429,Otros,#A6A6A6,senadores,mpastoriza@diputados.gob.ar,"PASTORIZA,  Mirta Ameliana",FRENTE CÍVICO POR SANTIAGO
150091,1216,Otros,#A6A6A6,senadores,,"Neder,  Estela Mary",FRENTE CÍVICO POR SANTIAGO
150092,1341,Kirchnerismo/PJ,#A5D4E5,senadores,,"Herrera,  Bernardo José",FRENTE CÍVICO POR SANTIAGO
150093,1266,Kirchnerismo/PJ,#A5D4E5,senadores,,"Martiarena,  José Luis",JUSTICIALISTA
150094,810,Otros,#A6A6A6,senadores,jtaboada@diputados.gob.ar,"Taboada., Jorge Omar",RED POR ARGENTINA
150095,1332,Kirchnerismo/PJ,#A5D4E5,senadores,,"Asencio,  Fernando",RED POR ARGENTINA
150096,687,Kirchnerismo/PJ,#A5D4E5,senadores,fmoyano@diputados.gob.ar,"moyano,  facundo",RED POR ARGENTINA
150097,1279,Cambiemos,#FEDB30,senadores,,"Najul,  Claudia InéS",UNIÓN CÍVICA RADICAL
150098,1272,Cambiemos,#FEDB30,senadores,,"Menna,  Gustavo",UNIÓN CÍVICA RADICAL
150099,1327,Cambiemos,#FEDB30,senadores,,"Cantard,  Albor Angel",UNIÓN CÍVICA RADICAL
150100,1302,Cambiemos,#FEDB30,senadores,,"Stefani,  HéCtor Antonio",PRO
150101,1331,Cambiemos,#FEDB30,senadores,,"Bragagnolo,  SebastiáN",PRO
150102,1295,Cambiemos,#FEDB30,senadores,,"Sahad,  Julio Enrique",PRO
150103,1273,Cambiemos,#FEDB30,senadores,,"Monaldi,  Osmar",PRO
150104,1221,Cambiemos,#FEDB30,senadores,,"Ansaloni,  Pablo Miguel",PRO
150105,854,Cambiemos,#FEDB30,senadores,jnunez@diputados.gob.ar,"Núñez., José Carlos",PRO
150106,867,Cambiemos,#FEDB30,senadores,mmaquieyra@diputados.gob.ar,"Maquieyra., Martín",PRO
150107,857,Cambiemos,#FEDB30,senadores,ptorello@diputados.gob.ar,"Torello., Pablo",PRO
150108,863,Cambiemos,#FEDB30,senadores,wwolff@diputados.gob.ar,"Wolff., Waldo Ezequiel",PRO
150109,1284,Cambiemos,#FEDB30,senadores,,"Quetglas,  Fabio José",UNIÓN CÍVICA RADICAL
150110,1271,Cambiemos,#FEDB30,senadores,,"Mendoza,  Josefina",UNIÓN CÍVICA RADICAL
150111,1249,Cambiemos,#FEDB30,senadores,,"Fernandez,  Carlos Alberto",UNIÓN CÍVICA RADICAL
150112,1223,Kirchnerismo/PJ,#A5D4E5,senadores,,"Arroyo,  Daniel Fernando",RED POR ARGENTINA
150113,672,Kirchnerismo/PJ,#A5D4E5,senadores, fsola@diputados.gob.ar,"solá,  felipe",RED POR ARGENTINA
150114,855,Cambiemos,#FEDB30,senadores,jpretto@diputados.gob.ar,"Pretto., Pedro Javier",PRO
150115,1254,Cambiemos,#FEDB30,senadores,,"Frizza,  Gabriel Alberto",PRO
150116,1245,Cambiemos,#FEDB30,senadores,,"Enriquez,  Jorge Ricardo",PRO
150117,1344,Cambiemos,#FEDB30,senadores,,"Caballero,  Alejandra Alcira",UNIÓN PRO
150118,849,Cambiemos,#FEDB30,senadores,llopezk@diputados.gob.ar,"López Koenig., Leandro",PRO
150119,1298,Cambiemos,#FEDB30,senadores,,"Schlereth,  David Pablo",PRO
150120,862,Cambiemos,#FEDB30,senadores,swisky@diputados.gob.ar,"Wisky., Sergio Javier",PRO
150121,1258,Cambiemos,#FEDB30,senadores,,"Hummel,  Astrid",PRO
150122,1228,Cambiemos,#FEDB30,senadores,,"Brambilla,  SofíA",PRO
150123,1282,Cambiemos,#FEDB30,senadores,,"Piccolomini,  MaríA Carla",PRO
150124,1253,Cambiemos,#FEDB30,senadores,,"Fregonese,  Alicia",PRO
150125,1224,Cambiemos,#FEDB30,senadores,,"ÁVila,  Beatriz Luisa",PARTIDO POR LA JUSTICIA SOCIAL
150126,1251,Kirchnerismo/PJ,#A5D4E5,senadores,,"Flores,  Danilo AdriáN",JUSTICIALISTA
150127,884,Cambiemos,#FEDB30,senadores,shuczak@diputados.gob.ar,"Huczak., Stella",PRO
150128,1288,Cambiemos,#FEDB30,senadores,,"Reyes,  Roxana Nahir",UNIÓN CÍVICA RADICAL
150129,1176,Kirchnerismo/PJ,#A5D4E5,senadores,aferreyra@diputados.gob.ar,"Ferreyra,  Araceli Susana Del Rosario",MOVIMIENTO EVITA
150130,790,Kirchnerismo/PJ,#A5D4E5,senadores,shorne@diputados.gob.ar,"Horne., Silvia Reneé",MOVIMIENTO EVITA
150131,695,Izquierda,#D23939,senadores, ndelcano@diputados.gob.ar,"del caño,  nicolás",PTS - FRENTE DE IZQUIERDA
150132,1242,Izquierda,#D23939,senadores,,"Del PlÁ,  Romina",FTE. DE IZQUIERDA Y DE LOS TRABAJADORES
150133,783,Kirchnerismo/PJ,#A5D4E5,senadores,gestevez@diputados.gob.ar,"Estevez., Gabriela",FRENTE PARA LA VICTORIA
150134,797,Kirchnerismo/PJ,#A5D4E5,senadores,mmasin@diputados.gob.ar,"Masín., María Lucila",FRENTE PARA LA VICTORIA
150135,771,Kirchnerismo/PJ,#A5D4E5,senadores,mbritez@diputados.gob.ar,"Britez., María Cristina",FRENTE PARA LA VICTORIA
150136,792,Kirchnerismo/PJ,#A5D4E5,senadores,sigon@diputados.gob.ar,"Igon., Santiago",FRENTE PARA LA VICTORIA
150137,806,Kirchnerismo/PJ,#A5D4E5,senadores,rrodriguez@diputados.gob.ar,"Rodríguez., Rodrigo",FRENTE PARA LA VICTORIA
150138,794,Kirchnerismo/PJ,#A5D4E5,senadores,mkirchner@diputados.gob.ar,"Kirchner., Máximo",FRENTE PARA LA VICTORIA
150139,782,Kirchnerismo/PJ,#A5D4E5,senadores,cdonate@diputados.gob.ar,"Doñate., Claudio Martín ",FRENTE PARA LA VICTORIA
150140,787,Kirchnerismo/PJ,#A5D4E5,senadores,ngarre@diputados.gob.ar,"Garré., Nilda",FRENTE PARA LA VICTORIA
150141,1268,Cambiemos,#FEDB30,senadores,,"Matzen,  Lorena",UNIÓN CÍVICA RADICAL
150142,823,Peronismo no K,#00FF50,senadores, jbrugge@diputados.gob.ar,"Brügge., Juan",CÓRDOBA FEDERAL
150143,809,Kirchnerismo/PJ,#A5D4E5,senadores,asoraire@diputados.gob.ar,"Soraire., Mirta Alicia",FRENTE PARA LA VICTORIA
150144,547,Cambiemos,#FEDB30,senadores, ptonelli@diputados.gob.ar,"TONELLI,  Pablo Gabriel",UNIÓN PRO
150145,715,Cambiemos,#FEDB30,senadores,ccarrizo@diputados.gob.ar,"CARRIZO,  ANA CARLA",EVOLUCIÓN RADICAL
150146,885,Otros,#A6A6A6,senadores,tvillavicencio@diputados.gob.ar,"Villavicencio., María Teresita",EVOLUCIÓN RADICAL
150147,1286,Kirchnerismo/PJ,#A5D4E5,senadores,,"Rauschenberger,  Ariel",JUSTICIALISTA
150148,1243,Kirchnerismo/PJ,#A5D4E5,senadores,,"Delú,  Melina Aida",JUSTICIALISTA
150149,1278,Peronismo no K,#00FF50,senadores,,"MuÑOz,  Rosa Rosario",TRABAJO Y DIGNIDAD
150150,260,Kirchnerismo/PJ,#A5D4E5,senadores,jgioja@diputados.gob.ar,"Gioja., José Luis",FRENTE PARA LA VICTORIA
150151,651,Kirchnerismo/PJ,#A5D4E5,senadores,scastro@diputados.gob.ar,"castro,  sandra",FRENTE PARA LA VICTORIA
150152,1246,Kirchnerismo/PJ,#A5D4E5,senadores,,"Espinoza,  Fernando",FRENTE PARA LA VICTORIA
150153,1291,Kirchnerismo/PJ,#A5D4E5,senadores,,"Rossi,  AgustíN",FRENTE PARA LA VICTORIA
150154,812,Kirchnerismo/PJ,#A5D4E5,senadores,lvolnovich@diputados.gob.ar,"Volnovich., Luana",FRENTE PARA LA VICTORIA
150155,371,Kirchnerismo/PJ,#A5D4E5,senadores,mmendoza@diputados.gob.ar,"MENDOZA,  Mayra Soledad",FRENTE PARA LA VICTORIA
150156,1264,Cambiemos,#FEDB30,senadores,,"LÓPez,  Juan Manuel",COALICIÓN CÍVICA
150157,844,Cambiemos,#FEDB30,senadores,agonzalez@diputados.gob.ar,"González., Álvaro Gustavo",PRO
150158,1265,Kirchnerismo/PJ,#A5D4E5,senadores,,"Macha,  MóNica",FRENTE PARA LA VICTORIA
150159,775,Kirchnerismo/PJ,#A5D4E5,senadores,ccastagneto@diputados.gob.ar,"Castagneto., Carlos",FRENTE PARA LA VICTORIA
150160,143,Kirchnerismo/PJ,#A5D4E5,senadores,mcleri@diputados.gob.ar,"CLERI,  Marcos",FRENTE PARA LA VICTORIA
150161,804,Kirchnerismo/PJ,#A5D4E5,senadores,fraverta@diputados.gob.ar,"Raverta., María Fernanda",FRENTE PARA LA VICTORIA
150162,1299,Kirchnerismo/PJ,#A5D4E5,senadores,,"Scioli,  Daniel",FRENTE PARA LA VICTORIA
150163,1267,Kirchnerismo/PJ,#A5D4E5,senadores,dmartinez@diputados.gob.ar,"MartÍNez,  DaríO",FRENTE PARA LA VICTORIA
150164,647,Kirchnerismo/PJ,#A5D4E5,senadores,msoria@diputados.gob.ar,"soria,  maría emilia",FRENTE PARA LA VICTORIA
150165,614,Cambiemos,#FEDB30,senadores,jcano@diputados.gob.ar,"cano,  josé manuel",UNIÓN CÍVICA RADICAL
150166,91,Cambiemos,#FEDB30,senadores, lborsani@diputados.gob.ar,"BORSANI.,  Luis Gustavo",UNIÓN CÍVICA RADICAL
150167,65,Cambiemos,#FEDB30,senadores,mbazze@diputados.gob.ar,"BAZZE,  Miguel Ángel",UNIÓN CÍVICA RADICAL
150168,848,Cambiemos,#FEDB30,senadores,slospennato@diputados.gob.ar,"Lospennato., Silvia",PRO
150169,405,Cambiemos,#FEDB30,senadores,mnegri@diputados.gob.ar,"NEGRI,  Mario Raúl",UNIÓN CÍVICA RADICAL
150170,626,Kirchnerismo/PJ,#A5D4E5,senadores, jcabandie@diputados.gob.ar,"cabandié,  juan",FRENTE PARA LA VICTORIA
150171,1237,Kirchnerismo/PJ,#A5D4E5,senadores,,"Cerruti,  Gabriela",FRENTE PARA LA VICTORIA
150172,603,Cambiemos,#FEDB30,senadores,mburgos@diputados.gob.ar,"burgos,  maría gabriela",UNIÓN CÍVICA RADICAL
150173,1304,Kirchnerismo/PJ,#A5D4E5,senadores,,"Vallejos,  MaríA Fernanda",FRENTE PARA LA VICTORIA
150174,1252,Cambiemos,#FEDB30,senadores,,"Flores,  HéCtor Toty",COALICIÓN CÍVICA
150175,540,Cambiemos,#FEDB30,senadores,aterada@diputados.gob.ar,"TERADA,  Alicia",COALICIÓN CÍVICA - ARI - UNEN
150176,1294,Kirchnerismo/PJ,#A5D4E5,senadores,,"Saadi,  Gustavo Arturo",ELIJO CATAMARCA
150177,1256,Kirchnerismo/PJ,#A5D4E5,senadores,,"Ginocchio,  Silvana Micaela",ELIJO CATAMARCA
150178,781,Otros,#A6A6A6,senadores,ddistefano@diputados.gob.ar,"Di Stefano., Daniel",FRENTE DE LA CONCORDIA MISIONERO
150179,1244,Otros,#A6A6A6,senadores,,"Derna,  Verónica",FRENTE DE LA CONCORDIA MISIONERO
150180,1275,Kirchnerismo/PJ,#A5D4E5,senadores,,"Morales,  Flavia",FRENTE DE LA CONCORDIA MISIONERO
150181,63,Kirchnerismo/PJ,#A5D4E5,senadores, lbasterra@diputados.gob.ar,"BASTERRA,  Luis Eugenio",FRENTE PARA LA VICTORIA
150182,1248,Kirchnerismo/PJ,#A5D4E5,senadores,,"Fernandez Patri,  Gustavo Ramiro",FRENTE PARA LA VICTORIA
150183,1290,Kirchnerismo/PJ,#A5D4E5,senadores,,"Romero,  Jorge Antonio",FRENTE PARA LA VICTORIA
150184,811,Kirchnerismo/PJ,#A5D4E5,senadores,ltailhade@diputados.gob.ar,"Tailhade., Luis Rodolfo",FRENTE PARA LA VICTORIA
150185,1261,Kirchnerismo/PJ,#A5D4E5,senadores,,"Leavy,  Sergio NapoleóN",FRENTE PARA LA VICTORIA
150186,1276,Kirchnerismo/PJ,#A5D4E5,senadores,,"Moreau,  Leopoldo RaúL Guido",FRENTE PARA LA VICTORIA
150187,1274,Cambiemos,#FEDB30,senadores,,"Montenegro,  Guillermo TristáN",PRO
150188,1283,Cambiemos,#FEDB30,senadores,,"Polledo,  Carmen",PRO
150189,1280,Cambiemos,#FEDB30,senadores,,"Oliveto Lago,  Paula Mariana",COALICIÓN CÍVICA
150190,1247,Cambiemos,#FEDB30,senadores,,"Fernandez Langan,  Ezequiel",PRO
150191,847,Cambiemos,#FEDB30,senadores,dlipovetzky@diputados.gob.ar,"Lipovetzky., Daniel",PRO
150192,1285,Otros,#A6A6A6,senadores,,"RamÓN,  José Luis",PROTECTORA
150193,1309,Kirchnerismo/PJ,#A5D4E5,senadores,,"Wellbach,  Ricardo",FRENTE DE LA CONCORDIA MISIONERO
150194,785,Otros,#A6A6A6,senadores,jfranco@diputados.gob.ar,"Franco., Jorge Daniel",FRENTE DE LA CONCORDIA MISIONERO
150195,124,Kirchnerismo/PJ,#A5D4E5,senadores,gcaselles@diputados.gob.ar,"CASELLES.,  Graciela María",PARTIDO BLOQUISTA DE SAN JUAN
150196,1179,Otros,#A6A6A6,senadores,mpenalozam@diputados.gob.ar,"PeñAloza Marianetti.,  MarÌA Florencia",SOMOS SAN JUAN
150197,1250,Kirchnerismo/PJ,#A5D4E5,senadores,,"Filmus,  Daniel",FRENTE PARA LA VICTORIA
150198,24,Kirchnerismo/PJ,#A5D4E5,senadores,malvarezr@diputados.gob.ar,"ALVAREZ RODRIGUEZ.,  Cristina",FRENTE PARA LA VICTORIA
150199,788,Kirchnerismo/PJ,#A5D4E5,senadores,agrana@diputados.gob.ar,"Grana., Adrián",FRENTE PARA LA VICTORIA
150200,738,Kirchnerismo/PJ,#A5D4E5,senadores,mtundis@diputados.gob.ar,"TUNDIS,  MIRTA",FEDERAL UNIDOS POR UNA NUEVA ARGENTINA
150201,802,Kirchnerismo/PJ,#A5D4E5,senadores,arachq@diputados.gob.ar,"Rach Quiroga., Analía",FRENTE PARA LA VICTORIA
150202,108,Massismo y aliados,#b185b7,senadores,gcamano@diputados.gob.ar,"CAMAÑO,  Graciela",CONSENSO FEDERAL
150203,822,Massismo y aliados,#b185b7,senadores,mlavagna@diputados.gob.ar,"Lavagna., Marco Juan",CONSENSO FEDERAL
150204,832,Massismo y aliados,#b185b7,senadores,asnopek@diputados.gob.ar,"Snopek., Alejandro Francisco",CONSENSO FEDERAL
150205,80,Peronismo no K,#00FF50,senadores,ibianchi@diputados.gob.ar,"BIANCHI,  Ivana María",UNIDAD JUSTICIALISTA
150206,1305,Peronismo no K,#00FF50,senadores,,"Vallone,  Andres Alberto",UNIDAD JUSTICIALISTA
150207,803,Otros,#A6A6A6,senadores,aramos@diputados.gob.ar,"Ramos., Alejandro",PRIMERO ARGENTINA
150208,527,Kirchnerismo/PJ,#A5D4E5,senadores,jsolanas@diputados.gob.ar,"SOLANAS,  Julio Rodolfo",FRENTE PARA LA VICTORIA
150209,118,Kirchnerismo/PJ,#A5D4E5,senadores, gcarmona@diputados.gob.ar,"CARMONA,  Guillermo Ramón",FRENTE PARA LA VICTORIA
150210,658,Kirchnerismo/PJ,#A5D4E5,senadores, mperez@diputados.gob.ar,"pérez,  martín alejandro",FRENTE PARA LA VICTORIA
150211,805,Kirchnerismo/PJ,#A5D4E5,senadores,mrodriguez@diputados.gob.ar,"Rodríguez., Matías",FRENTE PARA LA VICTORIA
150212,445,Kirchnerismo/PJ,#A5D4E5,senadores,hpietragallac@diputados.gob.ar,"PIETRAGALLA CORTI,  Horacio",FRENTE PARA LA VICTORIA
150213,1293,Kirchnerismo/PJ,#A5D4E5,senadores,,"Russo,  Laura",FRENTE PARA LA VICTORIA
150214,1328,Kirchnerismo/PJ,#A5D4E5,senadores,,"David,  Javier",JUSTICIALISTA
150215,310,PJ ,#A05F11,senadores, pkosiner@diputados.gob.ar,"KOSINER,  Pablo Francisco Juan",JUSTICIALISTA
150216,1334,Kirchnerismo/PJ,#A5D4E5,senadores,,"Bahillo, Juan José",JUSTICIALISTA
150217,1225,Cambiemos,#FEDB30,senadores,,"Ayala,  Aida Beatriz MáXima",UNIÓN CÍVICA RADICAL
150218,1287,Cambiemos,#FEDB30,senadores,,"Regidor Belledone,  Estela Mercedes",UNIÓN CÍVICA RADICAL
150219,871,Cambiemos,#FEDB30,senadores,kbanfi@diputados.gob.ar,"Banfi., Karina Verónica",UNIÓN CÍVICA RADICAL
150220,608,Cambiemos,#FEDB30,senadores,lpastori@diputados.gob.ar,"pastori,  luis mario",UNIÓN CÍVICA RADICAL
150221,861,Cambiemos,#FEDB30,senadores,mwechsler@diputados.gob.ar,"Wechsler., Marcelo",PRO
150222,1227,Cambiemos,#FEDB30,senadores,,"Berisso,  HernáN",PRO
150223,843,Cambiemos,#FEDB30,senadores,ygayol@diputados.gob.ar,"Gayol., Yanina Celeste",PRO
150224,311,Cambiemos,#FEDB30,senadores,dkroneberger@diputados.gob.ar,"KRONEBERGER,  Daniel Ricardo",UNIÓN CÍVICA RADICAL
150225,1231,Cambiemos,#FEDB30,senadores,,"Campos,  Javier",COALICIÓN CÍVICA
150226,1262,Cambiemos,#FEDB30,senadores,,"Lehmann,  MaríA Lucila",COALICIÓN CÍVICA
150227,877,Cambiemos,#FEDB30,senadores, lmartinez@diputados.gob.ar,"Martínez Villada., Leonor",COALICIÓN CÍVICA
150228,410,Cambiemos,#FEDB30,senadores,,"OCAÑA,  Maria Graciela",PRO
150229,821,Massismo y aliados,#b185b7,senadores,agrandinetti@diputados.gob.ar,"Grandinetti., Alejandro Ariel",CONSENSO FEDERAL
150230,878,Cambiemos,#FEDB30,senadores,samartinez@diputados.gob.ar,"Martínez., Silvia Alejandra",UNIÓN CÍVICA RADICAL
150231,799,Kirchnerismo/PJ,#A5D4E5,senadores,pmiranda@diputados.gob.ar,"Miranda., Pedro Rubén",JUSTICIALISTA
150232,607,Cambiemos,#FEDB30,senadores, lpetri@diputados.gob.ar,"petri,  luis alfonso",UNIÓN CÍVICA RADICAL
150233,765,Cambiemos,#FEDB30,senadores,,"Laspina,  Luciano",PRO
150234,29,Cambiemos,#FEDB30,senadores,eamadeo@diputados.gob.ar,"AMADEO.,  Eduardo Pablo",PRO
150235,740,Cambiemos,#FEDB30,senadores,ecaceres@diputados.gob.ar,"CÁCERES,  EDUARDO",PRO
150236,763,Cambiemos,#FEDB30,senadores,csliermann@diputados.gob.ar,"Schmidt Liermann, Cornelia",UNIÓN PRO
150237,1281,Kirchnerismo/PJ,#A5D4E5,senadores,,"Pertile,  Elda",JUSTICIALISTA
150238,1255,Cambiemos,#FEDB30,senadores,,"Garcia,  Alejandro",PRO
150239,1234,Cambiemos,#FEDB30,senadores,mscarrizo@diputados.gob.ar,"Carrizo,  Soledad",UNIÓN CÍVICA RADICAL
150240,882,Cambiemos,#FEDB30,senadores,orista@diputados.gob.ar,"Rista., Olga María",UNIÓN CÍVICA RADICAL
150241,1300,Kirchnerismo/PJ,#A5D4E5,senadores,,"Sierra,  Magdalena",FRENTE PARA LA VICTORIA
150242,1229,PJ ,#A05F11,senadores,,"Bucca,  Eduardo",JUSTICIALISTA
150243,846,Cambiemos,#FEDB30,senadores,lincicco@diputados.gob.ar,"Incicco., Lucas",PRO
150244,1167,Cambiemos,#FEDB30,senadores,,"Austin., Brenda",UNIÓN CÍVICA RADICAL
150245,293,Cambiemos,#FEDB30,senadores,,"IGLESIAS,  Fernando Adolfo",PRO
150246,856,Cambiemos,#FEDB30,senadores,croma@diputados.gob.ar,"Roma., Carlos Gastón",PRO
150247,598,Cambiemos,#FEDB30,senadores,dmestre@diputados.gob.ar,"mestre,  diego matías",UNIÓN CÍVICA RADICAL
150248,829,Kirchnerismo/PJ,#A5D4E5,senadores,rperez@diputados.gob.ar,"Pérez., Raúl Joaquín",FEDERAL UNIDOS POR UNA NUEVA ARGENTINA
150249,1329,Cambiemos,#FEDB30,senadores,,"Ricci,  Nadia Lorena",UNIÓN CÍVICA RADICAL
150250,796,Kirchnerismo/PJ,#A5D4E5,senadores, omacias@diputados.gob.ar,"Macias., Oscar Alberto",JUSTICIALISTA
150251,1313,Kirchnerismo/PJ,#A5D4E5,senadores,,"Zamora,  Claudia",FRENTE CÍVICO POR SANTIAGO
150252,770,Kirchnerismo/PJ,#A5D4E5,senadores,dbossio@diputados.gob.ar,"Bossio., Diego",FEDERAL UNIDOS POR UNA NUEVA ARGENTINA
150253,122,Cambiemos,#FEDB30,senadores,ecarrio@diputados.gob.ar,"CARRIÓ,  Elisa María",COALICIÓN CÍVICA
150254,851,Cambiemos,#FEDB30,senadores,nmassot@diputados.gob.ar,"Massot., Nicolás",PRO
150255,1257,Cambiemos,#FEDB30,senadores,,"Grande,  MartíN",PRO
150256,1270,Cambiemos,#FEDB30,senadores,,"Medina,  MartíN NicoláS",PRO
150257,842,Cambiemos,#FEDB30,senadores,fgarreton@diputados.gob.ar,"Garretón., Facundo",PRO
150258,619,Cambiemos,#FEDB30,senadores,hbaldassi@diputados.gob.ar,"baldassi,  héctor",PRO
150259,813,Kirchnerismo/PJ,#A5D4E5,senadores, sziliotto@diputados.gob.ar,"Ziliotto., Sergio Raúl",JUSTICIALISTA
150260,177,Kirchnerismo/PJ,#A5D4E5,senadores, edepedro@diputados.gob.ar,"de PEDRO,  Eduardo Enrique",FRENTE PARA LA VICTORIA
150261,673,Kirchnerismo/PJ,#A5D4E5,senadores,jdemendiguren@diputados.gob.ar,"de mendiguren,  josé ignacio",FEDERAL UNIDOS POR UNA NUEVA ARGENTINA
150262,653,Kirchnerismo/PJ,#A5D4E5,senadores,jvgonzalez@diputados.gob.ar,"gonzález,  josefina victoria",FRENTE PARA LA VICTORIA
150263,1217,Cambiemos,#FEDB30,senadores,,"Aicega,  Juan",PRO
150264,793,Kirchnerismo/PJ,#A5D4E5,senadores,akicillof@diputados.gob.ar,"Kicillof., Axel",FRENTE PARA LA VICTORIA
150265,1277,Kirchnerismo/PJ,#A5D4E5,senadores,,"Mosqueda,  Juan",JUSTICIALISTA
150266,872,Cambiemos,#FEDB30,senadores,jdindart@diputados.gob.ar,"Dindart., Julián",UNIÓN CÍVICA RADICAL
150267,1214,Kirchnerismo/PJ,#A5D4E5,senadores,jdevido@diputados.gob.ar,"De Vido,  Julio (Suspendido Art 70 C.N.)",FRENTE PARA LA VICTORIA
150268,1241,Cambiemos,#FEDB30,senadores,,"Del Cerro,  Gonzalo Pedro Antonio",UNIÓN CÍVICA RADICAL
150269,1230,Cambiemos,#FEDB30,senadores,,"Campagnoli,  Marcela",COALICIÓN CÍVICA
150270,852,Cambiemos,#FEDB30,senadores,kmolina@diputados.gob.ar,"Molina., Karina",PRO
150271,800,Kirchnerismo/PJ,#A5D4E5,senadores,jforellana@diputados.gob.ar,"Orellana., José Fernando",JUSTICIALISTA POR TUCUMÁN
150272,873,Cambiemos,#FEDB30,senadores,aechegaray@diputados.gob.ar,"Echegaray., Alejandro Carlos Augusto",UNIÓN CÍVICA RADICAL
150273,595,Cambiemos,#FEDB30,senadores,ebrizueladelmoral@diputados.gob.ar,"brizuela del moral,  eduardo segundo",FTE. CÍVICO Y SOCIAL DE CATAMARCA
150274,590,Cambiemos,#FEDB30,senadores,mlousteau@diputados.gob.ar,"lousteau,  martín",EVOLUCIÓN RADICAL
150275,1204,Cambiemos,#FEDB30,senadores,,"Vera Gonzalez,  Orieta Cecilia",COALICIÓN CÍVICA
150276,801,Kirchnerismo/PJ,#A5D4E5,senadores,jpereyra@diputados.gob.ar,"Pereyra., Juan Manuel",CONCERTACIÓN FORJA
150277,1218,Kirchnerismo/PJ,#A5D4E5,senadores,,"Allende,  Walberto Enrique",TODOS JUNTOS POR SAN JUAN
150278,853,Cambiemos,#FEDB30,senadores,emonzo@diputados.gob.ar,"Monzó., Emilio",PRO
150865,587,Cambiemos,#FEDB30,senadores,,"ZIMMERMANN,  Víctor",Juntos por el Cambio
150868,1454,Kirchnerismo/PJ,#A5D4E5,senadores,,"Parrilli,  Oscar Isidro",FRENTE DE TODOS
150870,1453,Cambiemos,#FEDB30,senadores,,"Olalla De Moreira,  Stella Maris",Juntos por el Cambio
150871,1452,Kirchnerismo/PJ,#A5D4E5,senadores,,"Neder,  JosÉ Emilio",FRENTE CÍVICO POR SANTIAGO
150874,1451,Kirchnerismo/PJ,#A5D4E5,senadores,,"Mirabella,  Roberto Mario",FRENTE PARA LA VICTORIA
150882,1455,Kirchnerismo/PJ,#A5D4E5,senadores,,"Recalde,  Mariano",FRENTE DE TODOS
150884,1459,Otros,#A6A6A6,senadores,,"Weretilneck,  Alberto",Juntos Somos Río Negro
150888,1458,Kirchnerismo/PJ,#A5D4E5,senadores,,"Taiana,  Jorge Enrique",UNIDAD CIUDADANA
150889,1457,Cambiemos,#FEDB30,senadores,,"Tagliaferri,  Guadalupe",Cambiemos
150892,512,Kirchnerismo/PJ,#A5D4E5,senadores,,"SAPAG,  Silvia Estela",
150898,1456,Kirchnerismo/PJ,#A5D4E5,senadores,,"Rodas,  Antonio José",FRENTE DE TODOS
150913,1446,Cambiemos,#FEDB30,senadores,,"Blanco,  Pablo Daniel",Juntos por el Cambio
150915,1447,Kirchnerismo/PJ,#A5D4E5,senadores,,"DurÉ,  MarÍA Eugenia",FRENTE DE TODOS
150920,1450,Kirchnerismo/PJ,#A5D4E5,senadores,,"Ledesma,  Claudia Alejandra",FRENTE CÍVICO POR SANTIAGO
150922,1449,Kirchnerismo/PJ,#A5D4E5,senadores,,"Kueider,  Edgardo Dario",FRENTE DE TODOS
150930,1448,Kirchnerismo/PJ,#A5D4E5,senadores,,"Gimenez,  Nora Del Valle",FRENTE DE TODOS
151007,892,Cambiemos,#FEDB30,senadores,vega@diputados.gob.ar,"Vega., María del Valle",
161055,1391,Kirchnerismo/PJ,#A5D4E5,senadores,,"HernÁNdez,  Estela Beatriz",FRENTE DE TODOS
161060,1440,Kirchnerismo/PJ,#A5D4E5,senadores,,"Vilar,  Daniela",FRENTE DE TODOS
161061,1436,Kirchnerismo/PJ,#A5D4E5,senadores,,"Uhrig,  Romina Maricel",FRENTE DE TODOS
161062,1396,Kirchnerismo/PJ,#A5D4E5,senadores,,"Lampreabe,  Florencia",FRENTE DE TODOS
161063,1435,Kirchnerismo/PJ,#A5D4E5,senadores,,"Uceda,  Marisa Lourdes",FRENTE DE TODOS
161065,1364,Cambiemos,#FEDB30,senadores,,"Cipolini,  Gerardo",UNIÓN CÍVICA RADICAL
161066,1358,Cambiemos,#FEDB30,senadores,,"Cacace,  Alejandro",UNIÓN CÍVICA RADICAL
161067,1408,Cambiemos,#FEDB30,senadores,,"MartÍNez,  Maria Dolores",UNIÓN CÍVICA RADICAL
161069,1442,Cambiemos,#FEDB30,senadores,,"Yacobitti,  Emiliano Benjamin",UNIÓN CÍVICA RADICAL
161070,45,Cambiemos,#FEDB30,senadores,aasseff@diputados.gob.ar,"ASSEFF,  Alberto Emilio",PRO
161071,1415,Cambiemos,#FEDB30,senadores,,"Orrego,  Humberto Marcelo",Producción y Trabajo
161072,1348,Cambiemos,#FEDB30,senadores,,"ÁLvarez,  Felipe",Acción Federal
161073,1390,Cambiemos,#FEDB30,senadores,,"Hein,  Gustavo Rene",PRO
161075,1430,Cambiemos,#FEDB30,senadores,,"Schiavoni,  Alfredo Oscar",PRO
161076,1368,Cambiemos,#FEDB30,senadores,,"Crescimbeni,  Camila",PRO
161077,1421,Cambiemos,#FEDB30,senadores,,"Rezinovsky,  Dina Esther",PRO
161080,1356,Kirchnerismo/PJ,#A5D4E5,senadores,,"Bermejo,  Alejandro Daniel",FRENTE DE TODOS
161081,1419,Kirchnerismo/PJ,#A5D4E5,senadores,,"Ponce,  Carlos Ybrhain",FRENTE DE TODOS
161082,1376,Kirchnerismo/PJ,#A5D4E5,senadores,,"Fernandez,  Eduardo Gabriel",FRENTE DE TODOS
161090,1349,Cambiemos,#FEDB30,senadores,,"Amaya,  Domingo",PRO
161092,1434,Cambiemos,#FEDB30,senadores,,"Torres,  Ignacio Agustin",PRO
161098,1389,Kirchnerismo/PJ,#A5D4E5,senadores,,"Hagman,  Itai",FRENTE DE TODOS
161102,1399,Kirchnerismo/PJ,#A5D4E5,senadores,,"Leito,  Mario",FRENTE DE TODOS
161104,1372,Otros,#A6A6A6,senadores,,"Di Giacomo,  Luis",Juntos Somos Río Negro
161106,514,Otros,#A6A6A6,senadores,,"SARTORI,  Diego Horacio",FRENTE DE LA CONCORDIA MISIONERO
161107,1404,Cambiemos,#FEDB30,senadores,,"Manzi,  Rubén",COALICIÓN CÍVICA
161108,1380,Cambiemos,#FEDB30,senadores,,"Frade,  Monica",COALICIÓN CÍVICA
161109,1433,Cambiemos,#FEDB30,senadores,,"Stilman,  Mariana",COALICIÓN CÍVICA
161112,76,Kirchnerismo/PJ,#A5D4E5,senadores,,"BERTONE,  Rosana Andrea",FRENTE DE TODOS
161113,1444,Kirchnerismo/PJ,#A5D4E5,senadores,,"Yutrovic,  Ines Carolina",FRENTE DE TODOS
161114,1350,Kirchnerismo/PJ,#A5D4E5,senadores,,"Ameri,  Juan Emilio",FRENTE DE TODOS
161115,1437,Kirchnerismo/PJ,#A5D4E5,senadores,,"ValdÉS,  Eduardo Felix",FRENTE DE TODOS
161116,1357,Kirchnerismo/PJ,#A5D4E5,senadores,,"Bogdanich,  Esteban Mateo",FRENTE DE TODOS
161118,1462,Cambiemos,#FEDB30,senadores,,"CÁCeres,  Adriana Cintia",PRO
161119,1438,Cambiemos,#FEDB30,senadores,,"Vara,  Jorge Alberto",UNIÓN CÍVICA RADICAL
161120,1401,Cambiemos,#FEDB30,senadores,,"Lena,  Gabriela Mabel",UNIÓN CÍVICA RADICAL
161121,1398,Cambiemos,#FEDB30,senadores,,"Latorre,  Jimena Hebe",UNIÓN CÍVICA RADICAL
161125,1412,Kirchnerismo/PJ,#A5D4E5,senadores,,"Mounier,  Patricia Monica",FRENTE DE TODOS
161126,1402,Kirchnerismo/PJ,#A5D4E5,senadores,,"Lopez,  Jimena",FRENTE DE TODOS
161127,1354,Kirchnerismo/PJ,#A5D4E5,senadores,,"BÁRbaro,  Hector Orlando",FRENTE DE TODOS
161128,1379,Kirchnerismo/PJ,#A5D4E5,senadores,,"Ferreyra,  Daniel Julio",FRENTE DE TODOS
161129,1424,Kirchnerismo/PJ,#A5D4E5,senadores,,"Rodriguez Saa,  NicoláS Marcelo",FRENTE DE TODOS
161132,1377,Kirchnerismo/PJ,#A5D4E5,senadores,,"Fernandez,  Hector",FRENTE DE TODOS
161133,1395,Kirchnerismo/PJ,#A5D4E5,senadores,,"Koenig,  Marcelo Christian",FRENTE DE TODOS
161134,1441,Kirchnerismo/PJ,#A5D4E5,senadores,,"Vivero,  Carlos Alberto",FRENTE DE TODOS
161135,638,Kirchnerismo/PJ,#A5D4E5,senadores, agaillard@diputados.gob.ar,"gaillard,  ana carolina",FRENTE DE TODOS
161136,93,Kirchnerismo/PJ,#A5D4E5,senadores,mbrawer@diputados.gob.ar,"BRAWER,  Mara",FRENTE DE TODOS
161139,1388,Kirchnerismo/PJ,#A5D4E5,senadores,,"GutiÉRrez,  Carlos Ramiro",FRENTE DE TODOS
161143,1410,Kirchnerismo/PJ,#A5D4E5,senadores,,"Montoto,  MaríA Luisa",FRENTE DE TODOS
161144,1369,Kirchnerismo/PJ,#A5D4E5,senadores,,"Daives,  Ricardo Daniel",FRENTE DE TODOS
161145,98,Kirchnerismo/PJ,#A5D4E5,senadores,,"BRUE,  Daniel Agustín",FRENTE DE TODOS
161150,1418,Kirchnerismo/PJ,#A5D4E5,senadores,,"PÉRez Araujo,  HernáN",FRENTE DE TODOS
161152,1443,Kirchnerismo/PJ,#A5D4E5,senadores,,"Yambrun,  Liliana",FRENTE DE TODOS
161153,1360,Kirchnerismo/PJ,#A5D4E5,senadores,,"CaparrÓS,  Mabel Luisa",FRENTE DE TODOS
161155,1375,Kirchnerismo/PJ,#A5D4E5,senadores,,"Fagioli,  Federico",FRENTE DE TODOS
161156,1384,Kirchnerismo/PJ,#A5D4E5,senadores,,"Godoy,  Lucas Javier",FRENTE DE TODOS
161157,1359,Kirchnerismo/PJ,#A5D4E5,senadores,,"Caliva,  Lia Veronica",FRENTE DE TODOS
161161,1428,Cambiemos,#FEDB30,senadores,,"Sanchez,  Francisco",PRO
161162,1353,Cambiemos,#FEDB30,senadores,,"Ascarate,  Lidia",UNIÓN CÍVICA RADICAL
161163,1382,Cambiemos,#FEDB30,senadores,,"Garcia,  Ximena",UNIÓN CÍVICA RADICAL
161164,1406,Cambiemos,#FEDB30,senadores,,"Martin,  Juan",UNIÓN CÍVICA RADICAL
161165,1422,Cambiemos,#FEDB30,senadores,,"Rizzotti,  Jorge",UNIÓN CÍVICA RADICAL
161166,1355,Cambiemos,#FEDB30,senadores,,"Berhongaray,  Martin Antonio",UNIÓN CÍVICA RADICAL
161172,1431,Kirchnerismo/PJ,#A5D4E5,senadores,,"Soria,  Martin Ignacio",FRENTE DE TODOS
161174,1426,Cambiemos,#FEDB30,senadores,,"Ruarte,  Adriana Noemi",PRO
161175,1373,Cambiemos,#FEDB30,senadores,,"El Sukaria,  Soher",PRO
161176,1394,Cambiemos,#FEDB30,senadores,,"Juez,  Luis Alfredo",PRO
161179,1378,Cambiemos,#FEDB30,senadores,,"Ferraro,  Maximiliano Carlos Francisco",COALICIÓN CÍVICA
161180,479,Cambiemos,#FEDB30,senadores,,"RITONDO,  Cristian",PRO
161184,175,Cambiemos,#FEDB30,senadores,,"DE MARCHI,  Omar Bruno",PRO
161191,1425,Cambiemos,#FEDB30,senadores,,"Romero,  Victor Hugo",UNIÓN CÍVICA RADICAL
161194,1467,Kirchnerismo/PJ,#A5D4E5,senadores,,"Bormioli,  Lisandro",FRENTE DE TODOS
161201,1417,Kirchnerismo/PJ,#A5D4E5,senadores,,"Penacca,  Paula Andrea",FRENTE DE TODOS
161204,1370,Kirchnerismo/PJ,#A5D4E5,senadores,,"Daldovo,  Nelly Ramona",FRENTE DE TODOS
161206,1416,Kirchnerismo/PJ,#A5D4E5,senadores,,"Parola,  Maria Graciela",FRENTE DE TODOS
161207,1429,Kirchnerismo/PJ,#A5D4E5,senadores,,"Sand Giorasi,  Nancy Aracely",FRENTE DE TODOS
161208,1367,Kirchnerismo/PJ,#A5D4E5,senadores,,"Corpacci,  Lucia",FRENTE DE TODOS
161209,1403,Kirchnerismo/PJ,#A5D4E5,senadores,,"LÓPez RodrÍGuez,  Dante Edgardo",FRENTE DE TODOS
161211,1386,Kirchnerismo/PJ,#A5D4E5,senadores,,"Guevara Olivera,  Alejandro Francisco",FRENTE DE TODOS
161213,1445,Cambiemos,#FEDB30,senadores,,"Zuvic,  Mariana",COALICIÓN CÍVICA
161217,153,Cambiemos,#FEDB30,senadores,,"CORNEJO,  Alfredo Victor",UNIÓN CÍVICA RADICAL
161218,678,Kirchnerismo/PJ,#A5D4E5,senadores,mschwindt@diputados.gob.ar,"schwindt,  maría liliana",FRENTE DE TODOS
161219,628,Kirchnerismo/PJ,#A5D4E5,senadores,cheller@diputados.gob.ar,"heller,  carlos salomón",FRENTE DE TODOS
161220,1361,Kirchnerismo/PJ,#A5D4E5,senadores,,"Casaretto,  Marcelo Pablo",FRENTE DE TODOS
161225,866,Cambiemos,#FEDB30,senadores,jpatino@diputados.gob.ar,"Patiño., José Luis",PRO
161226,1363,Cambiemos,#FEDB30,senadores,,"Castets,  Laura Carolina",COALICIÓN CÍVICA
161233,1405,Consenso Federal / PJ no K,#00FF50,senadores,,"Marquez,  Claudia Gabriela",CÓRDOBA FEDERAL
161235,1374,Consenso Federal / PJ no K,#00FF50,senadores,,"Estevez,  Enrique Eloy",Socialista
161236,1381,Cambiemos,#FEDB30,senadores,,"Frigerio,  Federico",PRO
161237,1351,Cambiemos,#FEDB30,senadores,,"Angelini,  Federico",PRO
161240,1420,Cambiemos,#FEDB30,senadores,,"Rey,  Maria Lujan",PRO
161241,1393,Cambiemos,#FEDB30,senadores,,"Joury,  Mercedes",PRO
161242,1411,Cambiemos,#FEDB30,senadores,,"Morales Gorleri,  Victoria",PRO
161243,101,Cambiemos,#FEDB30,senadores,rburyaile@diputados.gob.ar,"BURYAILE,  Ricardo",UNIÓN CÍVICA RADICAL
161249,1387,Consenso Federal / PJ no K,#00FF50,senadores,,"Gutierrez,  Carlos Mario",CÓRDOBA FEDERAL
161251,1414,Kirchnerismo/PJ,#A5D4E5,senadores,,"Ormachea,  Claudia",FRENTE DE TODOS
161252,1409,Kirchnerismo/PJ,#A5D4E5,senadores,,"MartÍNez,  Maria Rosa",FRENTE DE TODOS
161253,1439,Kirchnerismo/PJ,#A5D4E5,senadores,,"Vessvessian,  Marcela Paola",FRENTE DE TODOS
161254,1385,Kirchnerismo/PJ,#A5D4E5,senadores,,"GonzÁLez,  Pablo Gerardo",FRENTE DE TODOS
161256,1362,Kirchnerismo/PJ,#A5D4E5,senadores,,"Casas,  Sergio Guillermo",FRENTE DE TODOS
161261,1352,Kirchnerismo/PJ,#A5D4E5,senadores,,"Aparicio,  Alicia Noemi",FRENTE DE TODOS
161263,513,Consenso Federal / PJ no K,#00FF50,senadores,,"SARGHINI,  Jorge Emilio",CONSENSO FEDERAL
161266,1397,Kirchnerismo/PJ,#A5D4E5,senadores,,"Landriscini,  Susana Graciela",FRENTE DE TODOS
161267,1423,Consenso Federal / PJ no K,#00FF50,senadores,,"Rodriguez,  Alejandro",CONSENSO FEDERAL
161268,73,Kirchnerismo/PJ,#A5D4E5,senadores,,"BERNAZZA,  Claudia Alicia",FRENTE DE TODOS
161269,1400,Kirchnerismo/PJ,#A5D4E5,senadores,,"Leiva,  Aldo",FRENTE DE TODOS
161274,419,Kirchnerismo/PJ,#A5D4E5,senadores,,"OSUNA,  Blanca Inés",FRENTE DE TODOS
161275,1432,Kirchnerismo/PJ,#A5D4E5,senadores,,"Sposito,  AyeléN",FRENTE DE TODOS
161277,1383,Cambiemos,#FEDB30,senadores,,"Garcia De Luca,  Sebastian",PRO
161282,1407,Kirchnerismo/PJ,#A5D4E5,senadores,,"MartÍNez,  GermáN Pedro",FRENTE DE TODOS
161284,1413,Kirchnerismo/PJ,#A5D4E5,senadores,,"Obeid,  Alejandra Del Huerto",FRENTE DE TODOS
161285,703,Kirchnerismo/PJ,#A5D4E5,senadores,ncarrizo@diputados.gob.ar,"CARRIZO,  NILDA MABEL",FRENTE DE TODOS
161286,1460,Kirchnerismo/PJ,#A5D4E5,senadores,,"Marziotta,  Maria Gisela",FRENTE DE TODOS
161287,1392,Cambiemos,#FEDB30,senadores,,"Jetter,  Ingrid",PRO
161289,1347,Kirchnerismo/PJ,#A5D4E5,senadores,,"Alderete,  Juan Carlos",FRENTE DE TODOS
161293,669,Kirchnerismo/PJ,#A5D4E5,senadores,smassa@diputados.gob.ar,"massa,  sergio",FRENTE DE TODOS
161296,1427,Cambiemos,#FEDB30,senadores,,"Salvador,  Sebastian NicoláS",UNIÓN CÍVICA RADICAL
161299,1366,Cambiemos,#FEDB30,senadores,,"Cornejo,  Virginia Maria",PRO
161301,1365,Kirchnerismo/PJ,#A5D4E5,senadores,,"Cisneros,  Carlos Anibal",FRENTE DE TODOS
161306,1371,Cambiemos,#FEDB30,senadores,,"De Lamadrid,  Alvaro HéCtor",UNIÓN CÍVICA RADICAL
165584,1215,Kirchnerismo/PJ,#A5D4E5,senadores,,"Legislador,  A Designar",FRENTE DE TODOS
165589,1346,Cambiemos,#FEDB30,senadores,,". No Incorporado,  Legislador 1",PRO
184885,1474,Kirchnerismo/PJ,#A5D4E5,senadores,,"Guerra,  Ricardo Antonio",FRENTE DE TODOS
186738,1475,Cambiemos,#FEDB30,senadores,,"Vucasovich,  Maria Alejandra",
186807,185,Kirchnerismo y aliados,#A5D4E5,senadores, jditullio@diputados.gob.ar,"di TULLIO,  Juliana",
