legislador_id,PC1,PC2,PC3,agrupacion,agrupacion_color,camara,mail,nombre,partido
1,-2.9210463800137365,2.7188483171161075,1.5115049943838765,Kirchnerismo/PJ,#A5D4E5,senadores,nabdaladem@diputados.gob.ar,"Abdala de Matarazzo,  Norma Amanda",FRENTE CÍVICO POR SANTIAGO
11,3.7161538153374245,4.6658894068688435,-2.4768254067892457,Kirchnerismo y aliados,#A5D4E5,senadores,hilda.aguirre@senado.gov.ar ,"AGUIRRE.,  Hilda Clelia",
24,-3.05395523944446,2.719290506691877,1.9078440019246967,Kirchnerismo/PJ,#A5D4E5,senadores,malvarezr@diputados.gob.ar,"ALVAREZ RODRIGUEZ.,  Cristina",FRENTE PARA LA VICTORIA
29,-0.5618944027339995,-1.4955449157199485,1.149811657547276,Cambiemos,#FEDB30,senadores,eamadeo@diputados.gob.ar,"AMADEO.,  Eduardo Pablo",PRO
45,-0.761369219034929,-1.586928892186226,-2.058577387020489,Cambiemos,#FEDB30,senadores,aasseff@diputados.gob.ar,"ASSEFF,  Alberto Emilio",PRO
63,-1.2405703448550878,-1.4870491348268002,3.154338183986012,Kirchnerismo/PJ,#A5D4E5,senadores, lbasterra@diputados.gob.ar,"BASTERRA,  Luis Eugenio",FRENTE PARA LA VICTORIA
65,-2.4538726645449898,-3.136380342439228,-1.1551673589854379,Cambiemos,#FEDB30,senadores,mbazze@diputados.gob.ar,"BAZZE,  Miguel Ángel",UNIÓN CÍVICA RADICAL
71,-1.587979056207072,-2.07539870195635,-2.7855137167910793,Cambiemos,#FEDB30,senadores,,"BENEDETTI,  Atilio Francisco Salvador",UNIÓN CÍVICA RADICAL
73,-1.3602264546826484,2.749481169254708,-0.7927888127081136,Kirchnerismo/PJ,#A5D4E5,senadores,,"BERNAZZA,  Claudia Alicia",FRENTE DE TODOS
76,-1.75725281770367,3.5945126405226686,-1.0614739942005174,Kirchnerismo/PJ,#A5D4E5,senadores,,"BERTONE,  Rosana Andrea",FRENTE DE TODOS
80,-1.0305396485547837,-1.3289096447521622,2.761473302566348,Peronismo no K,#00FF50,senadores,ibianchi@diputados.gob.ar,"BIANCHI,  Ivana María",UNIDAD JUSTICIALISTA
91,-1.1835740974054956,-1.8457959918160154,2.61692237447928,Cambiemos,#FEDB30,senadores, lborsani@diputados.gob.ar,"BORSANI.,  Luis Gustavo",UNIÓN CÍVICA RADICAL
93,-1.7572528177037647,3.594512640522698,-1.061473994200486,Kirchnerismo/PJ,#A5D4E5,senadores,mbrawer@diputados.gob.ar,"BRAWER,  Mara",FRENTE DE TODOS
95,0.9587261548417416,-0.40586336785174454,0.1725512320984256,Cambiemos,#FEDB30,senadores,,"BRIZUELA Y DORIA DE CARA,  Olga Inés",
98,-1.5116956703235316,2.98813628410717,-0.9330718651361981,Kirchnerismo/PJ,#A5D4E5,senadores,,"BRUE,  Daniel Agustín",FRENTE DE TODOS
99,2.052435603760584,-0.46945211138744714,0.5780920947806223,Cambiemos,#FEDB30,senadores,,"BULLRICH,  Esteban José",
101,-1.3238127236080863,-1.8540107971111341,-3.2057985237828652,Cambiemos,#FEDB30,senadores,rburyaile@diputados.gob.ar,"BURYAILE,  Ricardo",UNIÓN CÍVICA RADICAL
108,-2.402077571530512,-1.381412506262577,-0.02888530976202608,Massismo y aliados,#b185b7,senadores,gcamano@diputados.gob.ar,"CAMAÑO,  Graciela",CONSENSO FEDERAL
118,-1.1656088602946673,-1.3417700913999793,3.1281092296463426,Kirchnerismo/PJ,#A5D4E5,senadores, gcarmona@diputados.gob.ar,"CARMONA,  Guillermo Ramón",FRENTE PARA LA VICTORIA
122,-0.08948284323493859,-0.6463081560000637,0.12494844471242562,Cambiemos,#FEDB30,senadores,ecarrio@diputados.gob.ar,"CARRIÓ,  Elisa María",COALICIÓN CÍVICA
124,-2.045346771608748,3.4043546106778626,-0.5465048873897,Kirchnerismo/PJ,#A5D4E5,senadores,gcaselles@diputados.gob.ar,"CASELLES.,  Graciela María",PARTIDO BLOQUISTA DE SAN JUAN
125,7.584199558705885,0.16561326322251513,1.349995579614693,Massismo y aliados,#b185b7,senadores,carlos.caserio@senado.gob.ar ,"Caserio.,  Carlos Alberto",
129,7.900385920790868,0.9146790922549763,-1.8204856034125088,Kirchnerismo y aliados,#A5D4E5,senadores,julio.catalanmagni@senado.gov.ar ,"CATALAN MAGNI.,  Julio César",
139,-1.1222061967107213,-1.3061618516437872,3.055594231572283,Kirchnerismo/PJ,#A5D4E5,senadores,aciampini@diputados.gob.ar,"CIAMPINI,  José Alberto",FRENTE PARA LA VICTORIA
143,-3.115488078992894,2.6702994198830075,2.0038111461743164,Kirchnerismo/PJ,#A5D4E5,senadores,mcleri@diputados.gob.ar,"CLERI,  Marcos",FRENTE PARA LA VICTORIA
153,-1.2780298794621292,-1.7159258144461198,-3.0660846515135285,Cambiemos,#FEDB30,senadores,,"CORNEJO,  Alfredo Victor",UNIÓN CÍVICA RADICAL
156,1.5198117166960945,-0.46906123608403094,0.42969407773117685,Cambiemos,#FEDB30,senadores,ecosta@diputados.gob.ar,"COSTA,  Eduardo Raúl",
173,4.488174370706509,0.34689474706612716,-1.0900227156572297,Kirchnerismo y aliados,#A5D4E5,senadores,delarosa@senado.gov.ar ,"de la ROSA., Maria Graciela",
175,-1.0537437186183432,-2.099538146960848,-2.861041716906432,Cambiemos,#FEDB30,senadores,,"DE MARCHI,  Omar Bruno",PRO
177,-0.6413640269814048,-1.1109711042358228,1.8993808254589166,Kirchnerismo/PJ,#A5D4E5,senadores, edepedro@diputados.gob.ar,"de PEDRO,  Eduardo Enrique",FRENTE PARA LA VICTORIA
208,-1.7803214693092437,3.053831218149529,-1.0885785785150628,Kirchnerismo/PJ,#A5D4E5,senadores,,"FELIX,  Omar",SOMOS MENDOZA
211,7.261139338650436,0.13222955228561717,1.5807492678855783,Kirchnerismo y aliados,#A5D4E5,senadores,anabel.fernandezsagasti@senado.gob.ar ,"FERNÁNDEZ SAGASTI.,  Anabel",
224,6.151964174860607,0.5912891365762559,-1.3676504332844208,Otros,#A6A6A6,senadores,maria.fiorevinuales@senado.gov.ar ,"FIORE VIÑUALES.,  María Cristina del Valle",
238,9.191883034725159,0.46082913810995935,1.005782493204596,Kirchnerismo y aliados,#A5D4E5,senadores,silvina.garcialarraburu@senado.gov.ar ,"GARCIA LARRABURU.,  Silvina Marcela",
260,-3.0262508242202872,2.646982231013801,1.6828401008771243,Kirchnerismo/PJ,#A5D4E5,senadores,jgioja@diputados.gob.ar,"Gioja., José Luis",FRENTE PARA LA VICTORIA
265,5.627897445687209,0.5581183514270456,-1.2720027884059975,Kirchnerismo y aliados,#A5D4E5,senadores,ruperto.godoy@senado.gov.ar ,"GODOY.,  Ruperto Eduardo",
266,2.2528694342572373,-0.4571805852525327,0.6349303943361985,Cambiemos,#FEDB30,senadores,ggonzalez@diputados.gob.ar,"GONZÁLEZ,  Gladys Esther",
270,7.999856301282353,0.22975056804834174,1.4565473912442937,Kirchnerismo y aliados,#A5D4E5,senadores,nancy.gonzalez@senado.gob.ar ,"GONZALEZ.,  Nancy Susana",
274,-2.659092752737652,3.1514020017539983,1.041346707786072,Kirchnerismo/PJ,#A5D4E5,senadores,lgrosso@diputados.gob.ar,"GROSSO.,  Leonardo",MOVIMIENTO EVITA
290,2.8964611430928278,-0.6639160360477504,2.4673307320070745,Kirchnerismo y aliados,#A5D4E5,senadores,aianni@diputados.gob.ar,"IANNI,  Ana María",
293,-1.2259224173758594,-2.8131837554960337,-1.7778461163728498,Cambiemos,#FEDB30,senadores,,"IGLESIAS,  Fernando Adolfo",PRO
297,5.367433652613877,0.5020657989316646,-1.227363600147476,Kirchnerismo y aliados,#A5D4E5,senadores,juan.irrazabal@senado.gov.ar ,"IRRAZABAL.,  Juan Manuel",
310,-1.2323745730823201,-1.403221329935741,3.238347090644313,PJ ,#A05F11,senadores, pkosiner@diputados.gob.ar,"KOSINER,  Pablo Francisco Juan",JUSTICIALISTA
311,-1.067177381719085,-1.8417086429841711,2.296693688599984,Cambiemos,#FEDB30,senadores,dkroneberger@diputados.gob.ar,"KRONEBERGER,  Daniel Ricardo",UNIÓN CÍVICA RADICAL
316,-1.2973590226478489,-0.479451554452833,2.59831404600342,Kirchnerismo/PJ,#A5D4E5,senadores,alarroque@diputados.gob.ar,"LARROQUE,  Andrés",FRENTE PARA LA VICTORIA
323,3.4794601774133227,0.14646348896677147,-0.8233869059174607,Kirchnerismo y aliados,#A5D4E5,senadores,maria.leguizamon@senado.gov.ar ,"LEGUIZAMON.,  María Laura",
362,6.822659149442781,0.4447491400864277,-0.839396126999722,Cambiemos,#FEDB30,senadores,ernesto.martinezcarignano@senado.gov.ar,"Martínez.,  Ernesto Félix",
371,-0.10667464240024407,-0.5183096905500749,0.7763465771708268,Kirchnerismo/PJ,#A5D4E5,senadores,mmendoza@diputados.gob.ar,"MENDOZA,  Mayra Soledad",FRENTE PARA LA VICTORIA
374,9.867759746958772,0.5855994889354177,0.6373475609220688,Kirchnerismo y aliados,#A5D4E5,senadores,dalmacio.mera@senado.gob.ar ,"MERA.,  Dalmacio",
381,10.228688321686388,0.653172192252688,0.6364255799005842,Kirchnerismo y aliados,#A5D4E5,senadores,beatriz.mirkin@senado.gob.ar ,"MIRKIN.,  Beatriz Graciela",
382,-1.962180765287984,3.4308603058944818,-0.7255015441540317,Kirchnerismo/PJ,#A5D4E5,senadores,,"MOISES,  María Carolina",JUSTICIALISTA
403,-2.4144339007649074,1.7427917397325388,1.3534726649453532,Otros,#A6A6A6,senadores, gnavarro@diputados.gob.ar,"NAVARRO,  Graciela",FRENTE CÍVICO POR SANTIAGO
405,-2.575468386413549,-3.2531631962575567,-0.9531389644648032,Cambiemos,#FEDB30,senadores,mnegri@diputados.gob.ar,"NEGRI,  Mario Raúl",UNIÓN CÍVICA RADICAL
410,-2.424945355467479,-2.6705904273815206,-1.033331089376541,Cambiemos,#FEDB30,senadores,,"OCAÑA,  Maria Graciela",PRO
412,-0.14207925542352437,-0.622756079024532,0.7145059819557024,Cambiemos,#FEDB30,senadores,aolmedo@diputados.gob.ar,"OLMEDO.,  Alfredo Horacio",SALTA SOMOS TODOS
419,-1.7572528177036955,3.594512640522595,-1.0614739942004565,Kirchnerismo/PJ,#A5D4E5,senadores,,"OSUNA,  Blanca Inés",FRENTE DE TODOS
421,9.695847973833416,0.5309417029497564,0.8382322171580306,PJ ,#A05F11,senadores,juan.pais@senado.gob.ar ,"PAIS.,  Juan Mario",
429,-1.18985613093619,-1.6081277305941601,2.9314696761710133,Otros,#A6A6A6,senadores,mpastoriza@diputados.gob.ar,"PASTORIZA,  Mirta Ameliana",FRENTE CÍVICO POR SANTIAGO
440,6.619687125739157,0.7007320232233385,-1.5524724524006768,Kirchnerismo y aliados,#A5D4E5,senadores,omar.perotti@senado.gob.ar ,"PEROTTI.,  Omar Ángel",
445,-1.0930355092283355,-1.439049574527473,2.8145171231515773,Kirchnerismo/PJ,#A5D4E5,senadores,hpietragallac@diputados.gob.ar,"PIETRAGALLA CORTI,  Horacio",FRENTE PARA LA VICTORIA
446,6.874932116500937,0.0389334031378932,1.765196609998263,Kirchnerismo y aliados,#A5D4E5,senadores,maria.pilattivergara@senado.gov.ar ,"PILATTI VERGARA.,  María Inés",
447,6.697649792686468,0.6764326037551339,-1.5691589929710883,Cambiemos,#FEDB30,senadores,federico.pinedo@senado.gob.ar ,"PINEDO.,  Federico",
479,-1.2160174330552658,-1.5348071041816156,-2.8528395826383925,Cambiemos,#FEDB30,senadores,,"RITONDO,  Cristian",PRO
499,4.837512257223183,0.33380345412497686,-1.0541983261210808,Cambiemos,#FEDB30,senadores,angel.rozas@senado.gov.ar ,"ROZAS.,  Ángel",
510,-1.2323745730823341,-1.4032213299357141,3.238347090644231,Kirchnerismo/PJ,#A5D4E5,senadores,wsantillan@diputados.gob.ar,"SANTILLÁN,  Walter Marcelo",FRENTE PARA LA VICTORIA
512,2.6096924859657538,-0.7075434047326845,2.5054919438252106,Kirchnerismo/PJ,#A5D4E5,senadores,,"SAPAG,  Silvia Estela",
513,-1.527395758179833,1.5402382922703042,-1.7741258156335566,Consenso Federal / PJ no K,#00FF50,senadores,,"SARGHINI,  Jorge Emilio",CONSENSO FEDERAL
514,-1.746711726202735,3.0534716361646383,-1.329966158166462,Otros,#A6A6A6,senadores,,"SARTORI,  Diego Horacio",FRENTE DE LA CONCORDIA MISIONERO
526,4.263831472716499,0.24525610080560653,-0.6845083746095189,Otros,#A6A6A6,senadores,fernando.solanas@senado.gov.ar ,"SOLANAS.,  Fernando Ezequiel",
527,-0.9426917346431414,-1.401801887284801,2.4037013786803154,Kirchnerismo/PJ,#A5D4E5,senadores,jsolanas@diputados.gob.ar,"SOLANAS,  Julio Rodolfo",FRENTE PARA LA VICTORIA
540,-2.252976867318417,-3.2227267381082867,-1.453251575539981,Cambiemos,#FEDB30,senadores,aterada@diputados.gob.ar,"TERADA,  Alicia",COALICIÓN CÍVICA - ARI - UNEN
547,-1.3302547411799988,-1.699354361994609,-2.640257332545587,Cambiemos,#FEDB30,senadores, ptonelli@diputados.gob.ar,"TONELLI,  Pablo Gabriel",UNIÓN PRO
587,1.4525048306416333,-0.5174346813801315,0.5825677017081692,Cambiemos,#FEDB30,senadores,,"ZIMMERMANN,  Víctor",Juntos por el Cambio
588,-1.8562599574795584,2.281927890055538,-0.9338452417271326,Kirchnerismo/PJ,#A5D4E5,senadores,,"ZOTTOS,  Miguel Andrés Costas",JUSTICIALISTA
590,1.2521016915911292,-0.721604353936944,0.6109800959869244,Cambiemos,#FEDB30,senadores,mlousteau@diputados.gob.ar,"lousteau,  martín",EVOLUCIÓN RADICAL
595,-1.167977848313119,-1.2167609659917171,-0.68932913970642,Cambiemos,#FEDB30,senadores,ebrizueladelmoral@diputados.gob.ar,"brizuela del moral,  eduardo segundo",FTE. CÍVICO Y SOCIAL DE CATAMARCA
598,-1.536964037415623,-1.9779250449703851,-2.808232541726313,Cambiemos,#FEDB30,senadores,dmestre@diputados.gob.ar,"mestre,  diego matías",UNIÓN CÍVICA RADICAL
603,-2.6237610160948077,-2.785529978607576,-1.0606768230808492,Cambiemos,#FEDB30,senadores,mburgos@diputados.gob.ar,"burgos,  maría gabriela",UNIÓN CÍVICA RADICAL
605,9.263565919518602,0.8284908931870091,-1.31409785975628,Cambiemos,#FEDB30,senadores,julio.cobos@senado.gob.ar ,"Cobos.,  julio césar cleto",
607,-2.320078388473341,-3.2834698221182186,-1.1295385002856595,Cambiemos,#FEDB30,senadores, lpetri@diputados.gob.ar,"petri,  luis alfonso",UNIÓN CÍVICA RADICAL
608,-2.52232088011081,-3.0438876496937644,-0.6033767408774349,Cambiemos,#FEDB30,senadores,lpastori@diputados.gob.ar,"pastori,  luis mario",UNIÓN CÍVICA RADICAL
609,-2.610158711468762,-3.1847306045168153,-0.8179786042421591,Cambiemos,#FEDB30,senadores, jriccardo@diputados.gob.ar,"riccardo,  josé luis",UNIÓN CÍVICA RADICAL
614,-1.6457581790138196,-2.043034185329732,-2.594312851899468,Cambiemos,#FEDB30,senadores,jcano@diputados.gob.ar,"cano,  josé manuel",UNIÓN CÍVICA RADICAL
616,-0.7813838482751326,-1.0174375206495692,2.258361751504805,Kirchnerismo/PJ,#A5D4E5,senadores,vdondap@diputados.gob.ar,"donda,  victoria",SOMOS
619,-1.1254342340650791,-1.63116022802531,-2.7446321913051013,Cambiemos,#FEDB30,senadores,hbaldassi@diputados.gob.ar,"baldassi,  héctor",PRO
623,-2.2409224141821067,-2.7144263886807556,-0.9569758772780129,Cambiemos,#FEDB30,senadores,gscaglia@diputados.gob.ar,"scaglia,  gisela",PRO
626,-1.0749627374518895,-1.4797871157363431,2.7689455823057902,Kirchnerismo/PJ,#A5D4E5,senadores, jcabandie@diputados.gob.ar,"cabandié,  juan",FRENTE PARA LA VICTORIA
628,-1.7572528177037232,3.5945126405225967,-1.0614739942004603,Kirchnerismo/PJ,#A5D4E5,senadores,cheller@diputados.gob.ar,"heller,  carlos salomón",FRENTE DE TODOS
638,-1.7572528177037288,3.594512640522616,-1.0614739942004876,Kirchnerismo/PJ,#A5D4E5,senadores, agaillard@diputados.gob.ar,"gaillard,  ana carolina",FRENTE DE TODOS
647,-1.2047072078018988,-1.411855786793397,3.154974574237524,Kirchnerismo/PJ,#A5D4E5,senadores,msoria@diputados.gob.ar,"soria,  maría emilia",FRENTE PARA LA VICTORIA
651,-1.1602528581097589,-1.4033232496856587,3.060931367041925,Kirchnerismo/PJ,#A5D4E5,senadores,scastro@diputados.gob.ar,"castro,  sandra",FRENTE PARA LA VICTORIA
653,-2.7627289699010906,2.724542567016545,1.0537375329185044,Kirchnerismo/PJ,#A5D4E5,senadores,jvgonzalez@diputados.gob.ar,"gonzález,  josefina victoria",FRENTE PARA LA VICTORIA
658,-1.2323745730823379,-1.4032213299357377,3.2383470906442087,Kirchnerismo/PJ,#A5D4E5,senadores, mperez@diputados.gob.ar,"pérez,  martín alejandro",FRENTE PARA LA VICTORIA
666,-1.121098880423979,-1.3811781279193018,2.9250375956181967,Kirchnerismo/PJ,#A5D4E5,senadores,ilotto@diputados.gob.ar,"lotto,  inés beatriz",FRENTE PARA LA VICTORIA
672,0.05091804810931188,-0.5452518912817329,0.2904650750236248,Kirchnerismo/PJ,#A5D4E5,senadores, fsola@diputados.gob.ar,"solá,  felipe",RED POR ARGENTINA
673,-0.03173200230273495,-0.4520659085645038,0.6589434524166319,Kirchnerismo/PJ,#A5D4E5,senadores,jdemendiguren@diputados.gob.ar,"de mendiguren,  josé ignacio",FEDERAL UNIDOS POR UNA NUEVA ARGENTINA
678,-1.5116956703234943,2.9881362841070755,-0.9330718651361222,Kirchnerismo/PJ,#A5D4E5,senadores,mschwindt@diputados.gob.ar,"schwindt,  maría liliana",FRENTE DE TODOS
687,-3.0020144128155954,2.2048507490028353,1.5094828758620287,Kirchnerismo/PJ,#A5D4E5,senadores,fmoyano@diputados.gob.ar,"moyano,  facundo",RED POR ARGENTINA
695,-0.500392554826921,-3.3128732589057837,1.5470561673017367,Izquierda,#D23939,senadores, ndelcano@diputados.gob.ar,"del caño,  nicolás",PTS - FRENTE DE IZQUIERDA
703,-1.7572528177037243,3.594512640522646,-1.0614739942004936,Kirchnerismo/PJ,#A5D4E5,senadores,ncarrizo@diputados.gob.ar,"CARRIZO,  NILDA MABEL",FRENTE DE TODOS
715,-2.2079874590901287,-2.3719547784646795,-0.9760437550690872,Cambiemos,#FEDB30,senadores,ccarrizo@diputados.gob.ar,"CARRIZO,  ANA CARLA",EVOLUCIÓN RADICAL
738,-3.090101338579255,2.6152882235481703,1.875754032482572,Kirchnerismo/PJ,#A5D4E5,senadores,mtundis@diputados.gob.ar,"TUNDIS,  MIRTA",FEDERAL UNIDOS POR UNA NUEVA ARGENTINA
740,-2.2562939682410033,-2.704106062184693,-1.4956190911639389,Cambiemos,#FEDB30,senadores,ecaceres@diputados.gob.ar,"CÁCERES,  EDUARDO",PRO
763,-0.8197672506934565,-1.6970419327380382,1.7281999643582968,Cambiemos,#FEDB30,senadores,csliermann@diputados.gob.ar,"Schmidt Liermann, Cornelia",UNIÓN PRO
765,-1.6544890038141273,-2.786713239545331,-1.379005062676653,Cambiemos,#FEDB30,senadores,,"Laspina,  Luciano",PRO
769,0.05091804810931267,-0.5452518912817427,0.29046507502364255,Kirchnerismo/PJ,#A5D4E5,senadores, lherrera@diputados.gob.ar,"Herrera., Luis Beder",JUSTICIALISTA
770,-0.28185376945016233,-0.5761572281816987,1.1864296801757577,Kirchnerismo/PJ,#A5D4E5,senadores,dbossio@diputados.gob.ar,"Bossio., Diego",FEDERAL UNIDOS POR UNA NUEVA ARGENTINA
771,-2.3246050419153157,3.302680555938011,0.20283720867682656,Kirchnerismo/PJ,#A5D4E5,senadores,mbritez@diputados.gob.ar,"Britez., María Cristina",FRENTE PARA LA VICTORIA
773,-1.1243304541481838,-1.3170736985546694,3.0283220377250744,Kirchnerismo/PJ,#A5D4E5,senadores,acarol@diputados.gob.ar,"Carol., Analuz Ailen",FRENTE PARA LA VICTORIA
775,-1.1215413445814795,-1.499231499754917,2.8357165956542296,Kirchnerismo/PJ,#A5D4E5,senadores,ccastagneto@diputados.gob.ar,"Castagneto., Carlos",FRENTE PARA LA VICTORIA
776,3.130120276020397,-0.6634445170341962,2.5406000386983023,Otros,#A6A6A6,senadores,mcloss@diputados.gob.ar,"Closs., Maurice Fabián",
779,-0.2036120949719342,-0.6717471658333863,0.810473126205315,Kirchnerismo/PJ,#A5D4E5,senadores,ldeponti@diputados.gob.ar,"De Ponti., Lucila María",MOVIMIENTO EVITA
781,-1.2317095778527551,-1.4824095698686375,3.1587307765451373,Otros,#A6A6A6,senadores,ddistefano@diputados.gob.ar,"Di Stefano., Daniel",FRENTE DE LA CONCORDIA MISIONERO
782,2.054654552557157,-0.9949929194759469,3.6975415179116946,Kirchnerismo/PJ,#A5D4E5,senadores,cdonate@diputados.gob.ar,"Doñate., Claudio Martín ",FRENTE PARA LA VICTORIA
783,-2.868485263684672,2.7930790261160725,1.5097285990450855,Kirchnerismo/PJ,#A5D4E5,senadores,gestevez@diputados.gob.ar,"Estevez., Gabriela",FRENTE PARA LA VICTORIA
784,-0.9571464229311488,-1.349661100923477,2.469755918208226,Kirchnerismo/PJ,#A5D4E5,senadores,sfrana@diputados.gob.ar,"Frana., Silvina Patricia",FRENTE PARA LA VICTORIA
785,-1.2173077187785672,-1.4390907698943065,3.139270198266046,Otros,#A6A6A6,senadores,jfranco@diputados.gob.ar,"Franco., Jorge Daniel",FRENTE DE LA CONCORDIA MISIONERO
786,0.0509180481094052,-0.5452518912817665,0.290465075023708,Kirchnerismo/PJ,#A5D4E5,senadores,ffurlan@diputados.gob.ar,"Furlán., Francisco",FRENTE PARA LA VICTORIA
787,-0.8849717003910774,-1.1172278586795268,2.6649021754012234,Kirchnerismo/PJ,#A5D4E5,senadores,ngarre@diputados.gob.ar,"Garré., Nilda",FRENTE PARA LA VICTORIA
788,-0.19608476719890616,-0.6680314975147634,0.7845476221528476,Kirchnerismo/PJ,#A5D4E5,senadores,agrana@diputados.gob.ar,"Grana., Adrián",FRENTE PARA LA VICTORIA
789,-1.0804234074340602,-1.2864448444149568,2.9080306671888994,Kirchnerismo/PJ,#A5D4E5,senadores, mguerin@diputados.gob.ar,"Guerín., María Isabel",FRENTE PARA LA VICTORIA
790,-1.118284969283957,-1.4436564042706241,2.8476354637749184,Kirchnerismo/PJ,#A5D4E5,senadores,shorne@diputados.gob.ar,"Horne., Silvia Reneé",MOVIMIENTO EVITA
791,-1.0657990172877967,-1.4403676562091716,2.719632774846816,Kirchnerismo/PJ,#A5D4E5,senadores,jhuss@diputados.gob.ar,"Huss., Juan Manuel",FRENTE PARA LA VICTORIA
792,-2.9813922244155546,2.62224761499636,1.5861126654643547,Kirchnerismo/PJ,#A5D4E5,senadores,sigon@diputados.gob.ar,"Igon., Santiago",FRENTE PARA LA VICTORIA
793,0.12586068820684182,-0.4790081092961837,0.1730619502694589,Kirchnerismo/PJ,#A5D4E5,senadores,akicillof@diputados.gob.ar,"Kicillof., Axel",FRENTE PARA LA VICTORIA
794,-2.6115148495987577,2.977617284413363,0.8259717677292021,Kirchnerismo/PJ,#A5D4E5,senadores,mkirchner@diputados.gob.ar,"Kirchner., Máximo",FRENTE PARA LA VICTORIA
796,0.12586068820683924,-0.47900810929617404,0.17306195026942633,Kirchnerismo/PJ,#A5D4E5,senadores, omacias@diputados.gob.ar,"Macias., Oscar Alberto",JUSTICIALISTA
797,-3.0285824717981447,2.6055191250643004,1.6958649510032717,Kirchnerismo/PJ,#A5D4E5,senadores,mmasin@diputados.gob.ar,"Masín., María Lucila",FRENTE PARA LA VICTORIA
798,-1.049559350986072,-1.3326111563935796,2.756352632942872,Kirchnerismo/PJ,#A5D4E5,senadores,vmercado@diputados.gob.ar,"Mercado., Verónica",FRENTE PARA LA VICTORIA
799,-1.208446951776253,-1.434451204936153,3.1436627908252155,Kirchnerismo/PJ,#A5D4E5,senadores,pmiranda@diputados.gob.ar,"Miranda., Pedro Rubén",JUSTICIALISTA
800,0.1258606882068278,-0.4790081092961799,0.17306195026943438,Kirchnerismo/PJ,#A5D4E5,senadores,jforellana@diputados.gob.ar,"Orellana., José Fernando",JUSTICIALISTA POR TUCUMÁN
801,-0.000370902538312867,-0.4950610585033213,0.48686499620372997,Kirchnerismo/PJ,#A5D4E5,senadores,jpereyra@diputados.gob.ar,"Pereyra., Juan Manuel",CONCERTACIÓN FORJA
802,0.05091804810931257,-0.5452518912817493,0.2904650750236334,Kirchnerismo/PJ,#A5D4E5,senadores,arachq@diputados.gob.ar,"Rach Quiroga., Analía",FRENTE PARA LA VICTORIA
803,-0.017534419829040714,-0.5936693571155525,0.413067256066314,Otros,#A6A6A6,senadores,aramos@diputados.gob.ar,"Ramos., Alejandro",PRIMERO ARGENTINA
804,-1.204707207801896,-1.4118557867933996,3.154974574237552,Kirchnerismo/PJ,#A5D4E5,senadores,fraverta@diputados.gob.ar,"Raverta., María Fernanda",FRENTE PARA LA VICTORIA
805,1.3362387175342127,-1.5935673589236423,5.375820017000733,Kirchnerismo/PJ,#A5D4E5,senadores,mrodriguez@diputados.gob.ar,"Rodríguez., Matías",FRENTE PARA LA VICTORIA
806,-0.8425269841766019,-1.1792643593834804,2.370648922668011,Kirchnerismo/PJ,#A5D4E5,senadores,rrodriguez@diputados.gob.ar,"Rodríguez., Rodrigo",FRENTE PARA LA VICTORIA
807,-1.7398091709138095,3.462436702993521,-0.8146186242626813,Kirchnerismo/PJ,#A5D4E5,senadores,jruiza@diputados.gob.ar,"Ruiz Aragón., José",FRENTE PARA LA VICTORIA
808,2.9800888422789353,-0.6682512254911966,2.4860531735115687,PJ ,#A05F11,senadores,gsnopek@diputados.gob.ar,"Snopek., Guillermo",
809,-1.2323745730823341,-1.403221329935737,3.2383470906442122,Kirchnerismo/PJ,#A5D4E5,senadores,asoraire@diputados.gob.ar,"Soraire., Mirta Alicia",FRENTE PARA LA VICTORIA
810,0.05091804810931437,-0.5452518912817523,0.2904650750236452,Otros,#A6A6A6,senadores,jtaboada@diputados.gob.ar,"Taboada., Jorge Omar",RED POR ARGENTINA
811,-3.1387507050693926,2.6223410549505393,2.018879131894221,Kirchnerismo/PJ,#A5D4E5,senadores,ltailhade@diputados.gob.ar,"Tailhade., Luis Rodolfo",FRENTE PARA LA VICTORIA
812,-0.8774375826315098,-1.262133563855155,2.407366519328412,Kirchnerismo/PJ,#A5D4E5,senadores,lvolnovich@diputados.gob.ar,"Volnovich., Luana",FRENTE PARA LA VICTORIA
813,0.12586068820683866,-0.4790081092961943,0.17306195026946483,Kirchnerismo/PJ,#A5D4E5,senadores, sziliotto@diputados.gob.ar,"Ziliotto., Sergio Raúl",JUSTICIALISTA
819,-0.17655044869810604,-0.6460758780829876,0.7856567512254867,Kirchnerismo/PJ,#A5D4E5,senadores,gbevilacqua@diputados.gob.ar,"Bevilacqua., Gustavo",FEDERAL UNIDOS POR UNA NUEVA ARGENTINA
821,-0.13830564439212598,-0.7003960141414203,0.5933467572612245,Massismo y aliados,#b185b7,senadores,agrandinetti@diputados.gob.ar,"Grandinetti., Alejandro Ariel",CONSENSO FEDERAL
822,-1.0199392262994837,-1.646115100523046,2.3599761945803293,Massismo y aliados,#b185b7,senadores,mlavagna@diputados.gob.ar,"Lavagna., Marco Juan",CONSENSO FEDERAL
823,-0.5296212830252283,-0.8233081688263982,1.5532152202918847,Peronismo no K,#00FF50,senadores, jbrugge@diputados.gob.ar,"Brügge., Juan",CÓRDOBA FEDERAL
824,-3.0853543703853705,2.5985605399659155,1.8056573614179359,Kirchnerismo/PJ,#A5D4E5,senadores,vmassetani@diputados.gob.ar,"Massetani., Vanesa",FEDERAL UNIDOS POR UNA NUEVA ARGENTINA
825,-0.738200658135628,-1.163720966293289,2.058986650065149,Kirchnerismo/PJ,#A5D4E5,senadores,mmorales@diputados.gob.ar,"Morales., Mariana",FEDERAL UNIDOS POR UNA NUEVA ARGENTINA
826,-2.7522927229852305,2.9104745179006204,1.2083504225941215,Kirchnerismo/PJ,#A5D4E5,senadores,cmoreau@diputados.gob.ar,"Moreau., Cecilia",FEDERAL UNIDOS POR UNA NUEVA ARGENTINA
827,-1.041187933987757,-1.4047542494691792,2.735906279668472,Peronismo no K,#00FF50,senadores,anazario@diputados.gob.ar,"Nazario., Adriana",CÓRDOBA FEDERAL
828,-1.1390051548821674,-1.4759442242683747,2.910143885989632,Kirchnerismo/PJ,#A5D4E5,senadores,mpasso@diputados.gob.ar,"Passo., Marcela",FEDERAL UNIDOS POR UNA NUEVA ARGENTINA
829,0.125860688206833,-0.47900810929620646,0.17306195026947246,Kirchnerismo/PJ,#A5D4E5,senadores,rperez@diputados.gob.ar,"Pérez., Raúl Joaquín",FEDERAL UNIDOS POR UNA NUEVA ARGENTINA
830,0.050918048109325535,-0.54525189128177,0.2904650750236427,Kirchnerismo/PJ,#A5D4E5,senadores,cpitiot@diputados.gob.ar,"Pitiot., Carla Betina",FEDERAL UNIDOS POR UNA NUEVA ARGENTINA
831,-2.942509596787854,2.6997379042851564,1.4320417405709394,Kirchnerismo/PJ,#A5D4E5,senadores,cselva@diputados.gob.ar,"Selva., Carlos Américo",FEDERAL UNIDOS POR UNA NUEVA ARGENTINA
832,-0.8920780331498378,-1.4457369866130991,2.254395997259859,Massismo y aliados,#b185b7,senadores,asnopek@diputados.gob.ar,"Snopek., Alejandro Francisco",CONSENSO FEDERAL
838,-0.9291780015275375,-1.5868885138781506,2.2670794403861407,Cambiemos,#FEDB30,senadores,sacerenza@diputados.gob.ar,"Acerenza., Samantha",PRO
842,0.12586068820683366,-0.4790081092961766,0.1730619502694523,Cambiemos,#FEDB30,senadores,fgarreton@diputados.gob.ar,"Garretón., Facundo",PRO
843,-1.0951390679524728,-1.694074271805348,2.554893136903817,Cambiemos,#FEDB30,senadores,ygayol@diputados.gob.ar,"Gayol., Yanina Celeste",PRO
844,-2.4239485912695646,-2.7933602704848095,-1.5852684064901348,Cambiemos,#FEDB30,senadores,agonzalez@diputados.gob.ar,"González., Álvaro Gustavo",PRO
846,-0.7702352758522187,-1.6722062885282551,1.6115164792737342,Cambiemos,#FEDB30,senadores,lincicco@diputados.gob.ar,"Incicco., Lucas",PRO
847,-1.2218080178840751,-1.6201914324470332,2.969320990765023,Cambiemos,#FEDB30,senadores,dlipovetzky@diputados.gob.ar,"Lipovetzky., Daniel",PRO
848,-2.619955904377595,-2.726666941411636,-0.9969116872846908,Cambiemos,#FEDB30,senadores,slospennato@diputados.gob.ar,"Lospennato., Silvia",PRO
849,-0.11961089632538806,-0.744086040868693,0.512933174190437,Cambiemos,#FEDB30,senadores,llopezk@diputados.gob.ar,"López Koenig., Leandro",PRO
851,-0.1335529696023899,-0.8947688336101342,0.38983121143506433,Cambiemos,#FEDB30,senadores,nmassot@diputados.gob.ar,"Massot., Nicolás",PRO
852,0.1258606882068476,-0.4790081092961962,0.173061950269478,Cambiemos,#FEDB30,senadores,kmolina@diputados.gob.ar,"Molina., Karina",PRO
854,-2.5900833429190793,-2.79855491005218,-1.1981659071025366,Cambiemos,#FEDB30,senadores,jnunez@diputados.gob.ar,"Núñez., José Carlos",PRO
855,-0.27672058469554345,-1.112563940975106,0.5105836892407583,Cambiemos,#FEDB30,senadores,jpretto@diputados.gob.ar,"Pretto., Pedro Javier",PRO
856,-0.6262891862108312,-1.50929005886946,1.3917339666813415,Cambiemos,#FEDB30,senadores,croma@diputados.gob.ar,"Roma., Carlos Gastón",PRO
857,-2.2044616595498034,-3.280554782403225,-1.6133956606795024,Cambiemos,#FEDB30,senadores,ptorello@diputados.gob.ar,"Torello., Pablo",PRO
858,-0.47451332568487714,-1.2598859073133333,1.1641193800882914,Cambiemos,#FEDB30,senadores,purroz@diputados.gob.ar,"Urroz., Paula Marcela",PRO
859,-1.0912645051010998,-1.8997232047090418,2.3335105676455266,Cambiemos,#FEDB30,senadores,jvillalonga@diputados.gob.ar,"Villalonga., Juan Carlos",PRO
861,-1.110728120294857,-1.914029948401172,2.3266446172093422,Cambiemos,#FEDB30,senadores,mwechsler@diputados.gob.ar,"Wechsler., Marcelo",PRO
862,-0.7701600917173606,-1.548091518530188,1.8337257439551844,Cambiemos,#FEDB30,senadores,swisky@diputados.gob.ar,"Wisky., Sergio Javier",PRO
863,-1.1782399799409526,-1.811676350708987,-2.388649181343307,Cambiemos,#FEDB30,senadores,wwolff@diputados.gob.ar,"Wolff., Waldo Ezequiel",PRO
864,-0.8318965863425288,-1.4635381657567228,2.097530447870656,Cambiemos,#FEDB30,senadores,sbuil@diputados.gob.ar,"Buil., Sergio Omar",PRO
866,-1.031993172456565,-1.6826930511665878,-2.6077771952076967,Cambiemos,#FEDB30,senadores,jpatino@diputados.gob.ar,"Patiño., José Luis",PRO
867,-2.4983932588047457,-3.075117524694189,-0.6980610406964624,Cambiemos,#FEDB30,senadores,mmaquieyra@diputados.gob.ar,"Maquieyra., Martín",PRO
871,-2.6332475092203094,-3.220798679630926,-0.7619380995731753,Cambiemos,#FEDB30,senadores,kbanfi@diputados.gob.ar,"Banfi., Karina Verónica",UNIÓN CÍVICA RADICAL
872,0.12586068820683494,-0.47900810929618565,0.17306195026945562,Cambiemos,#FEDB30,senadores,jdindart@diputados.gob.ar,"Dindart., Julián",UNIÓN CÍVICA RADICAL
873,-1.0577014659509316,-1.7402283017555755,2.4010787475983713,Cambiemos,#FEDB30,senadores,aechegaray@diputados.gob.ar,"Echegaray., Alejandro Carlos Augusto",UNIÓN CÍVICA RADICAL
874,-0.8689379156644562,-1.7186841345965613,1.8706272780310125,Cambiemos,#FEDB30,senadores,hgoicoechea@diputados.gob.ar,"Goicoechea., Horacio",UNIÓN CÍVICA RADICAL
875,-1.0189004043949756,-1.883070260383713,2.1190936889697745,Cambiemos,#FEDB30,senadores,mhernandez@diputados.gob.ar,"Hernández., Martín",UNIÓN CÍVICA RADICAL
876,0.05091804810931847,-0.5452518912817548,0.2904650750236462,Cambiemos,#FEDB30,senadores,hmarcucci@diputados.gob.ar,"Marcucci., Hugo María",UNIÓN CÍVICA RADICAL
877,-2.0957522344874757,-3.206196405247123,-1.4978104726255825,Cambiemos,#FEDB30,senadores, lmartinez@diputados.gob.ar,"Martínez Villada., Leonor",COALICIÓN CÍVICA
878,-0.9365712820971704,-1.723016385582946,2.1228398273499343,Cambiemos,#FEDB30,senadores,samartinez@diputados.gob.ar,"Martínez., Silvia Alejandra",UNIÓN CÍVICA RADICAL
879,-0.9062912402405681,-1.75280529417552,1.8238161325443278,Cambiemos,#FEDB30,senadores,mmonfort@diputados.gob.ar,"Monfort., Marcelo Alejandro",UNIÓN CÍVICA RADICAL
880,-2.630781165893221,-3.2839031026903944,-0.8767193679228501,Cambiemos,#FEDB30,senadores, mnanniv@diputados.gob.ar,"Nanni., Miguel",UNIÓN CÍVICA RADICAL
882,-0.20361209497192279,-0.6717471658333846,0.8104731262053118,Cambiemos,#FEDB30,senadores,orista@diputados.gob.ar,"Rista., Olga María",UNIÓN CÍVICA RADICAL
884,-1.0719074730099742,-1.9930195531785135,2.091910906063124,Cambiemos,#FEDB30,senadores,shuczak@diputados.gob.ar,"Huczak., Stella",PRO
885,-0.9017519196552479,-1.5532001176845913,2.1549019669189766,Otros,#A6A6A6,senadores,tvillavicencio@diputados.gob.ar,"Villavicencio., María Teresita",EVOLUCIÓN RADICAL
892,1.2647998566164347,-0.5317933713520764,0.706372260957952,Cambiemos,#FEDB30,senadores,vega@diputados.gob.ar,"Vega., María del Valle",
894,8.257053770983648,0.30588091350554225,1.3861718598450288,Kirchnerismo y aliados,#A5D4E5,senadores,ana.almiron@senado.gob.ar ,"Almirón., Ana Claudia",
895,5.556633427253765,0.5027720360517424,-1.2821405529425203,Kirchnerismo y aliados,#A5D4E5,senadores,jose.alperovich@senado.gob.ar ,"Alperovich., José",
896,9.812170846569689,0.5696883283644042,0.7479295557487204,Kirchnerismo y aliados,#A5D4E5,senadores,ines.blas@senado.gov.ar ,"Blas., Inés Imelda",
897,7.152220639551269,0.11764882992969258,1.2772160052194266,Kirchnerismo y aliados,#A5D4E5,senadores,carlos.espinola@senado.gob.ar ,"Espínola., Carlos",
898,8.389668562980845,0.33282607986619916,1.3478262884424812,Kirchnerismo y aliados,#A5D4E5,senadores,maria.sacnun@senado.gob.ar ,"Sacnun., Ángeles",
899,7.407734340577236,0.8903641025216232,-1.819658085807203,Kirchnerismo y aliados,#A5D4E5,senadores,juan.abalmedina@senado.gov.ar ,"Abal Medina., Juan Manuel",
900,6.061539461621937,0.5860663843364076,-1.2854191632896248,Kirchnerismo y aliados,#A5D4E5,senadores,eduardo.aguilar@senado.gov.ar ,"Aguilar., Eduardo Alberto",
901,6.613823187474492,0.7352725749980975,-1.646411356369049,Kirchnerismo y aliados,#A5D4E5,senadores,walter.barrionuevo@senado.gov.ar ,"Barrionuevo., Walter",
902,6.841070665977967,0.7301283336051538,-1.5534859919504607,Kirchnerismo y aliados,#A5D4E5,senadores,jose.ojeda@senado.gob.ar ,"Ojeda., José Anatolio",
903,7.626659518730027,0.6295158461710708,-1.3016830947475722,Cambiemos,#FEDB30,senadores,alfredo.deangeli@senado.gov.ar ,"De Ángeli., Alfredo Luis",
904,4.691119603616311,0.37542603582638145,-1.0570772168430393,Kirchnerismo y aliados,#A5D4E5,senadores,liliana.fellner@senado.gov.ar ,"Fellner., Liliana Beatriz",
905,3.8296699702113735,0.1649957494463146,-0.5260188822209938,Kirchnerismo y aliados,#A5D4E5,senadores,marcelo.fuentes@senado.gov.ar ,"Fuentes., Marcelo Jorge",
906,4.677322336022335,0.3653644744263504,-0.8408205436228602,Kirchnerismo y aliados,#A5D4E5,senadores,virginia.garcia@senado.gob.ar ,"García., Virginia María",
907,6.8513944962417,0.7028828901443657,-1.5192113485327763,Kirchnerismo y aliados,#A5D4E5,senadores,pedro.guastavino@senado.gov.ar ,"Guastavino., Pedro Guillermo Ángel",
908,7.99651714632172,0.9118553163675266,-1.7751036595725846,Kirchnerismo y aliados,#A5D4E5,senadores,sigrid.kunath@senado.gov.ar ,"Kunath., Sigrid Elisabeth",
909,4.671706428149271,0.3650447495421656,-0.8641158570457467,Kirchnerismo y aliados,#A5D4E5,senadores,maria.labado@senado.gov.ar ,"Labado., María Ester",
910,10.429943928335243,0.6701910861504697,0.6597358416678656,Kirchnerismo y aliados,#A5D4E5,senadores,norma.durango@senado.gob.ar,"Durango., Norma",
911,8.75315213482522,0.7097914820127809,-1.0422797636035277,PJ ,#A05F11,senadores,roberto.basualdo@senado.gov.ar ,"Basualdo., Roberto Gustavo",
912,5.877912135206044,0.5594658099964569,-1.3469408658413222,Massismo y aliados,#b185b7,senadores,miriam.boyadjian@senado.gov.ar ,"Boyadjian., Miriam Ruth",
913,4.4994059693444335,0.33952223462272824,-1.0626181337669067,Kirchnerismo y aliados,#A5D4E5,senadores,salvador.cabral@senado.gov.ar ,"Cabral., Salvador",
920,6.742364445134636,0.3349297127161686,-0.3052157085424711,Otros,#A6A6A6,senadores,lucila.crexell@senado.gov.ar ,"Crexell., Carmen Lucila",
921,5.869555100805691,0.5899107418155675,-1.3579588756289243,PJ ,#A05F11,senadores,sandra.gimenez@senado.gov.ar ,"Giménez., Sandra Daniela",
922,6.8663787748269165,0.7230628838346498,-1.554155580635574,Kirchnerismo y aliados,#A5D4E5,senadores,ada.iturrez@senado.gov.ar ,"Iturrez de Cappellini.	, Ada Rosa Del Valle",
923,5.660423175384709,0.5443106150484164,-1.2935058857714787,Otros,#A6A6A6,senadores,jaime.linares@senado.gov.ar ,"Linares., Jaime",
924,5.866783379654179,0.5954202547859327,-1.4238478646245896,Kirchnerismo y aliados,#A5D4E5,senadores,mirta.luna@senado.gov.ar ,"Luna., Mirtha María Teresita",
925,6.261583640113823,0.6716859742806573,-1.5960849252515072,Cambiemos,#FEDB30,senadores,alfredo.martinez@senado.gov.ar ,"Martínez., Alfredo Anselmo",
926,10.181790878015846,0.6823293163405835,0.48674901535969406,Kirchnerismo y aliados,#A5D4E5,senadores,mayans@senado.gov.ar ,"Mayans., José Miguel Ángel",
927,2.2052572287304413,-0.4064432638212549,0.8321103532020322,Otros,#A6A6A6,senadores,carlos.menem@senado.gov.ar ,"Menem., Carlos Saúl",
928,6.32214053135393,0.6175032814908121,-1.5148325798055553,Cambiemos,#FEDB30,senadores,marta.varela@senado.gob.ar ,"Varela., Marta",
929,7.585996410763443,0.22138634184677555,1.0632753707020572,,,senadores,gerardo.montenegro@senado.gov.ar ,"Montenegro., Gerardo Antenor",
930,7.224750601008594,0.5831985247404045,-1.1933328752947958,Cambiemos,#FEDB30,senadores,silvia.giacoppo@senado.gob.ar ,"Giacoppo., Silvia Del Rosario",
931,5.395525066985678,0.49382249938418443,-1.2126381465393383,PJ ,#A05F11,senadores,lnegre@senado.gov.ar ,"Negre de Alonso., Liliana Teresita",
932,6.230824143198935,0.6155355854547894,-1.2685962450424737,Otros,#A6A6A6,senadores,,"Odarda., María Magdalena",
933,4.438056615462001,0.28415679145457573,-0.952955844335506,PJ ,#A05F11,senadores,guillermo.pereyra@senado.gov.ar ,"Pereyra., Guillermo Juan",
934,5.627981346146807,0.5499747792185938,-1.3183627197726207,Kirchnerismo y aliados,#A5D4E5,senadores,daniel.persico@senado.gov.ar ,"Pérsico., Daniel Raúl",
935,8.629820329188433,0.6840360886379113,-1.0349036408996117,Cambiemos,#FEDB30,senadores,luis.petcoffnaidenoff@senado.gov.ar ,"Petcoff Naidenoff., Luis Carlos",
936,6.307981297533219,0.6336968340673875,-1.4535207732247344,Kirchnerismo y aliados,#A5D4E5,senadores,pichetto@senado.gov.ar ,"Pichetto., Miguel Ángel	",
937,6.497276310717025,0.7167680256156452,-1.5236791619845054,Kirchnerismo y aliados,#A5D4E5,senadores,marina.riofrio@senado.gov.ar ,"Riofrío., Marina Raquel",
938,6.236034249674138,-0.029047681886260675,1.443880333787456,PJ ,#A05F11,senadores,adolfo.rodriguezsaa@senado.gov.ar ,"Rodríguez Saá., Adolfo",
939,5.228298018442768,0.27695114964544537,-0.8598243676182118,PJ ,#A05F11,senadores,juan.romero@senado.gov.ar ,"Romero., Juan Carlos",
940,6.673214733082783,0.683008574519454,-1.5271928247065916,Kirchnerismo y aliados,#A5D4E5,senadores,rodolfo.urtubey@senado.gov.ar ,"Urtubey., Rodolfo Julio	",
941,3.8722582886736796,0.2009546328558705,-0.8296460193719226,Kirchnerismo y aliados,#A5D4E5,senadores,gerardo.zamora@senado.gov.ar ,"Zamora., Gerardo",
942,4.997604741125054,0.10256277033507545,-0.3296203608686282,Cambiemos,#FEDB30,senadores,castillo@senado.gov.ar ,"Castillo., Oscar Aníbal",
943,8.76074239100043,0.7590454512299782,-1.223962448407712,Cambiemos,#FEDB30,senadores,silvia.elias@senado.gov.ar ,"Elías de Perez., Silvia Beatríz",
944,6.472732870182907,0.45022053181172383,-0.9757464321492009,Cambiemos,#FEDB30,senadores,juan.marino@senado.gov.ar ,"Marino., Juan Carlos",
945,8.6996081543368,0.7025655761098488,-1.0620059181329267,Cambiemos,#FEDB30,senadores,@PameVerasay,"Verasay., Pamela Fernanda",
946,9.374324115853018,0.4875701978759324,0.8578841155348885,Kirchnerismo y aliados,#A5D4E5,senadores,daniel.lovera@senado.gob.ar ,"Lovera., Daniel Aníbal	",
947,10.226491085466828,0.6604950513111334,0.5827892513839488,Massismo y aliados,#b185b7,senadores,alfredo.luenzo@senado.gob.ar ,"Luenzo., Alfredo Héctor",
948,4.318074213553641,-0.0602484643756279,0.060343452348044696,PJ ,#A05F11,senadores,reuteman@senado.gov.ar ,"Reutemann., Carlos Alberto",
949,8.404835119289533,0.6756018538657829,-1.0563753437811525,Cambiemos,#FEDB30,senadores,laura.rodriguezmachado@senado.gob.ar ,"Rodríguez Machado., Laura Elena",
950,8.386727771432403,0.7000639893544109,-1.2236437555207802,Cambiemos,#FEDB30,senadores,nestor.braillardpoccard@senado.gob.ar,"Braillard Poccard., Néstor Pedro",
1167,-2.6099848831438015,-3.1728403146984405,-0.7770060852930997,Cambiemos,#FEDB30,senadores,,"Austin., Brenda",UNIÓN CÍVICA RADICAL
1176,-1.209111947005818,-1.3552629650032586,3.2232791049242997,Kirchnerismo/PJ,#A5D4E5,senadores,aferreyra@diputados.gob.ar,"Ferreyra,  Araceli Susana Del Rosario",MOVIMIENTO EVITA
1179,-1.2405703448550773,-1.4870491348267902,3.1543381839859714,Otros,#A6A6A6,senadores,mpenalozam@diputados.gob.ar,"PeñAloza Marianetti.,  MarÌA Florencia",SOMOS SAN JUAN
1197,0.17814470130256824,-0.47176994038039194,0.15023072222232742,,,senadores,,"Caseiro,  Carlos Alberto",
1204,-0.7535300433497317,-1.5968034885709443,1.5269766553811852,Cambiemos,#FEDB30,senadores,,"Vera Gonzalez,  Orieta Cecilia",COALICIÓN CÍVICA
1206,5.867210021463276,-0.1623744441104163,1.803617112266577,Kirchnerismo y aliados,#A5D4E5,senadores,,"GonzÁLez,  MarÍA Teresa Margarita",FRENTE PARA LA VICTORIA
1212,-1.1122125256105837,-1.3655506063846954,2.9148874591701506,Kirchnerismo/PJ,#A5D4E5,senadores,,"Llanos Massa, Ana Maria",FRENTE PARA LA VICTORIA
1214,0.1258606882068341,-0.4790081092961858,0.17306195026945634,Kirchnerismo/PJ,#A5D4E5,senadores,jdevido@diputados.gob.ar,"De Vido,  Julio (Suspendido Art 70 C.N.)",FRENTE PARA LA VICTORIA
1215,0.1258606882068341,-0.4790081092961858,0.17306195026945634,Kirchnerismo/PJ,#A5D4E5,senadores,,"Legislador,  A Designar",FRENTE DE TODOS
1216,-2.9245424377347646,2.719976590444827,1.4797335305218355,Otros,#A6A6A6,senadores,,"Neder,  Estela Mary",FRENTE CÍVICO POR SANTIAGO
1217,-2.2419981434239697,-2.7038451658640037,-1.6878479482583433,Cambiemos,#FEDB30,senadores,,"Aicega,  Juan",PRO
1218,-2.9791298822100547,2.4427347186890285,1.7056400577405064,Kirchnerismo/PJ,#A5D4E5,senadores,,"Allende,  Walberto Enrique",TODOS JUNTOS POR SAN JUAN
1219,-1.1527046244825516,-1.3755873613904064,3.0275789700178195,Kirchnerismo/PJ,#A5D4E5,senadores,,"Alonso,  Laura Valeria",FRENTE PARA LA VICTORIA
1220,-3.0173678402533577,2.7263518178899417,1.7956183585087635,Kirchnerismo/PJ,#A5D4E5,senadores,,"Alume Sbodio,  Karim Augusto",UNIDAD JUSTICIALISTA
1221,-2.447302138131523,2.7825403385706036,-0.003622210204313153,Cambiemos,#FEDB30,senadores,,"Ansaloni,  Pablo Miguel",PRO
1222,-2.5684238290393284,-3.224855819089144,-0.9944354054980964,Cambiemos,#FEDB30,senadores,,"Arce,  Mario Horacio",UNIÓN CÍVICA RADICAL
1223,-1.1026134566801293,-1.2689655032010476,2.9677822630412543,Kirchnerismo/PJ,#A5D4E5,senadores,,"Arroyo,  Daniel Fernando",RED POR ARGENTINA
1224,-0.9936047457972584,-0.39194670871446613,-1.5343557561627976,Cambiemos,#FEDB30,senadores,,"ÁVila,  Beatriz Luisa",PARTIDO POR LA JUSTICIA SOCIAL
1225,-1.552752210620514,-2.3191408166315535,-1.9875460722833282,Cambiemos,#FEDB30,senadores,,"Ayala,  Aida Beatriz MáXima",UNIÓN CÍVICA RADICAL
1227,-2.5001015288954114,-2.7592976136482323,-1.4360805852098684,Cambiemos,#FEDB30,senadores,,"Berisso,  HernáN",PRO
1228,-2.6316924318391774,-2.9887562244590917,-1.2235298578146556,Cambiemos,#FEDB30,senadores,,"Brambilla,  SofíA",PRO
1229,-2.0796573759182864,1.7154943501813176,-0.8636656924506444,PJ ,#A05F11,senadores,,"Bucca,  Eduardo",JUSTICIALISTA
1230,-1.2365077825682338,-2.2121843394165794,-2.932121856827091,Cambiemos,#FEDB30,senadores,,"Campagnoli,  Marcela",COALICIÓN CÍVICA
1231,-1.3606346369637647,-2.6216837153870536,-2.618423492075905,Cambiemos,#FEDB30,senadores,,"Campos,  Javier",COALICIÓN CÍVICA
1233,-1.517348651023127,-0.6923849300813463,-1.6604171118505975,Cambiemos,#FEDB30,senadores,,"Carambia,  Antonio José",PRO
1234,-2.473322306971461,-3.0919269008386765,-1.0781113721918678,Cambiemos,#FEDB30,senadores,mscarrizo@diputados.gob.ar,"Carrizo,  Soledad",UNIÓN CÍVICA RADICAL
1235,-2.8079277992021616,2.351972615457126,1.8925967188881823,Kirchnerismo/PJ,#A5D4E5,senadores,,"Carro,  Pablo",FRENTE PARA LA VICTORIA
1236,-2.9666196979073427,2.7845505203813095,1.6580390012657167,Peronismo no K,#00FF50,senadores,,"Cassinerio,  Paulo Leonardo",CÓRDOBA FEDERAL
1237,-3.028582328697769,2.7194005332424562,1.836126272822267,Kirchnerismo/PJ,#A5D4E5,senadores,,"Cerruti,  Gabriela",FRENTE PARA LA VICTORIA
1238,-2.610047700238687,-1.2521309612311253,-0.2459206150786314,Otros,#A6A6A6,senadores,,"Contigiani,  Luis Gustavo",FRENTE PROGRESISTA CÍVICO Y SOCIAL
1239,-2.6114694354683685,2.6514707049729975,1.9023827174176076,Kirchnerismo/PJ,#A5D4E5,senadores,,"Correa,  Walter",FRENTE PARA LA VICTORIA
1240,-3.049378611447189,2.608337745250503,1.7364129901925158,Kirchnerismo/PJ,#A5D4E5,senadores,,"Cresto,  Mayda",JUSTICIALISTA
1241,-2.0892236005023674,-2.5922997764457367,-0.6400515300905265,Cambiemos,#FEDB30,senadores,,"Del Cerro,  Gonzalo Pedro Antonio",UNIÓN CÍVICA RADICAL
1242,0.24973700052317438,-2.6323999193868217,-0.17291129873854105,Izquierda,#D23939,senadores,,"Del PlÁ,  Romina",FTE. DE IZQUIERDA Y DE LOS TRABAJADORES
1243,-3.1387507050693944,2.62234105495055,2.018879131894212,Kirchnerismo/PJ,#A5D4E5,senadores,,"Delú,  Melina Aida",JUSTICIALISTA
1244,-1.216642723549001,-1.518279009827201,3.059653884166968,Otros,#A6A6A6,senadores,,"Derna,  Verónica",FRENTE DE LA CONCORDIA MISIONERO
1245,-1.674912865484097,-2.0753571121612837,-2.403478860688907,Cambiemos,#FEDB30,senadores,,"Enriquez,  Jorge Ricardo",PRO
1246,0.05091804810932013,-0.5452518912817528,0.2904650750236441,Kirchnerismo/PJ,#A5D4E5,senadores,,"Espinoza,  Fernando",FRENTE PARA LA VICTORIA
1247,-1.5492447732583123,-1.8621391385652124,-2.860118074242222,Cambiemos,#FEDB30,senadores,,"Fernandez Langan,  Ezequiel",PRO
1248,-2.160191269766881,3.4455530998859385,-0.15915085679766225,Kirchnerismo/PJ,#A5D4E5,senadores,,"Fernandez Patri,  Gustavo Ramiro",FRENTE PARA LA VICTORIA
1249,-2.613059631888589,-3.274623972774093,-0.8679341828045064,Cambiemos,#FEDB30,senadores,,"Fernandez,  Carlos Alberto",UNIÓN CÍVICA RADICAL
1250,-1.2556371991588375,-1.4511796948682296,3.253415076364145,Kirchnerismo/PJ,#A5D4E5,senadores,,"Filmus,  Daniel",FRENTE PARA LA VICTORIA
1251,-1.962180765288,3.430860305894438,-0.7255015441540511,Kirchnerismo/PJ,#A5D4E5,senadores,,"Flores,  Danilo AdriáN",JUSTICIALISTA
1252,-0.9283292355523648,-2.278647595804152,-2.4256856123886266,Cambiemos,#FEDB30,senadores,,"Flores,  HéCtor Toty",COALICIÓN CÍVICA
1253,-2.332177396273732,-3.404081487248518,-1.398971143744983,Cambiemos,#FEDB30,senadores,,"Fregonese,  Alicia",PRO
1254,-2.2370922463655756,-3.074431416607036,-1.0394938423652662,Cambiemos,#FEDB30,senadores,,"Frizza,  Gabriel Alberto",PRO
1255,-1.5049363572443115,-1.2197177702083806,-2.9342932485883453,Cambiemos,#FEDB30,senadores,,"Garcia,  Alejandro",PRO
1256,-3.0202739350400236,2.7378121953847003,1.8502544180035183,Kirchnerismo/PJ,#A5D4E5,senadores,,"Ginocchio,  Silvana Micaela",ELIJO CATAMARCA
1257,-1.4593484403014336,-1.847870762828013,-3.079978163378475,Cambiemos,#FEDB30,senadores,,"Grande,  MartíN",PRO
1258,-1.0655495084647637,-1.9736294481287238,2.119739376346216,Cambiemos,#FEDB30,senadores,,"Hummel,  Astrid",PRO
1260,-2.7903584941159574,-2.5595857788174268,-0.5093954470062423,Cambiemos,#FEDB30,senadores,,"Lacoste,  Jorge Enrique",UNIÓN CÍVICA RADICAL
1261,1.317566692222288,-1.6937183000047793,5.303378928218189,Kirchnerismo/PJ,#A5D4E5,senadores,,"Leavy,  Sergio NapoleóN",FRENTE PARA LA VICTORIA
1262,-1.007098781101219,-2.420040385990786,-2.0753238885177874,Cambiemos,#FEDB30,senadores,,"Lehmann,  MaríA Lucila",COALICIÓN CÍVICA
1263,-0.08430013261677292,-0.6551205956512162,0.5233051170640913,Peronismo no K,#00FF50,senadores,,"Llaryora,  MartíN Miguel",CÓRDOBA FEDERAL
1264,-1.8070460026846498,-2.5417869438729808,-2.2091304905037723,Cambiemos,#FEDB30,senadores,,"LÓPez,  Juan Manuel",COALICIÓN CÍVICA
1265,-3.115488078992885,2.6702994198830354,2.0038111461742885,Kirchnerismo/PJ,#A5D4E5,senadores,,"Macha,  MóNica",FRENTE PARA LA VICTORIA
1266,-1.84899612481614,2.9881815970190835,-0.4235881323913528,Kirchnerismo/PJ,#A5D4E5,senadores,,"Martiarena,  José Luis",JUSTICIALISTA
1267,-2.9769075965345175,2.6466099664503493,1.5876696539175068,Kirchnerismo/PJ,#A5D4E5,senadores,dmartinez@diputados.gob.ar,"MartÍNez,  DaríO",FRENTE PARA LA VICTORIA
1268,-2.684177500577252,-3.260122587705758,-0.663497597446577,Cambiemos,#FEDB30,senadores,,"Matzen,  Lorena",UNIÓN CÍVICA RADICAL
1269,-3.0358233266809833,2.0154678950490275,1.8798392131118657,Kirchnerismo/PJ,#A5D4E5,senadores,,"Medina,  Gladys",JUSTICIALISTA POR TUCUMÁN
1270,-1.413344015538905,-1.6145007624560395,-2.266256777540504,Cambiemos,#FEDB30,senadores,,"Medina,  MartíN NicoláS",PRO
1271,-2.3362870598569625,-3.144352136596778,-0.21886925757021933,Cambiemos,#FEDB30,senadores,,"Mendoza,  Josefina",UNIÓN CÍVICA RADICAL
1272,-2.5767133486167646,-3.259744070257059,-0.9860529617684575,Cambiemos,#FEDB30,senadores,,"Menna,  Gustavo",UNIÓN CÍVICA RADICAL
1273,-2.4800233200864423,-2.577966194641142,-1.5345584381861823,Cambiemos,#FEDB30,senadores,,"Monaldi,  Osmar",PRO
1274,0.05091804810932013,-0.5452518912817528,0.2904650750236441,Cambiemos,#FEDB30,senadores,,"Montenegro,  Guillermo TristáN",PRO
1275,-2.010878058801707,2.832083731319346,-0.9096813511746613,Kirchnerismo/PJ,#A5D4E5,senadores,,"Morales,  Flavia",FRENTE DE LA CONCORDIA MISIONERO
1276,-2.7556778648478306,2.313263364437079,1.7416097264916839,Kirchnerismo/PJ,#A5D4E5,senadores,,"Moreau,  Leopoldo RaúL Guido",FRENTE PARA LA VICTORIA
1277,-1.6013982472817154,3.057764559117959,-1.0559160366473896,Kirchnerismo/PJ,#A5D4E5,senadores,,"Mosqueda,  Juan",JUSTICIALISTA
1278,-2.827337747227181,1.9280212076127063,1.158991990421046,Peronismo no K,#00FF50,senadores,,"MuÑOz,  Rosa Rosario",TRABAJO Y DIGNIDAD
1279,-2.7307809433187415,-3.0562054494972197,-0.6532359703608118,Cambiemos,#FEDB30,senadores,,"Najul,  Claudia InéS",UNIÓN CÍVICA RADICAL
1280,-2.2018225088107264,-3.5009986103239865,-0.9620063643658595,Cambiemos,#FEDB30,senadores,,"Oliveto Lago,  Paula Mariana",COALICIÓN CÍVICA
1281,-1.8321954578012376,3.5282688585370297,-0.9440708694462907,Kirchnerismo/PJ,#A5D4E5,senadores,,"Pertile,  Elda",JUSTICIALISTA
1282,-1.40486273007648,-1.5957623731422241,-2.9607749744976566,Cambiemos,#FEDB30,senadores,,"Piccolomini,  MaríA Carla",PRO
1283,-2.3867832242212033,-2.9782647649887197,-0.9377468291523297,Cambiemos,#FEDB30,senadores,,"Polledo,  Carmen",PRO
1284,-2.1654369663111894,-3.66853280355624,-0.17061307194178693,Cambiemos,#FEDB30,senadores,,"Quetglas,  Fabio José",UNIÓN CÍVICA RADICAL
1285,-2.6664642876423,2.938471861219864,1.1119148327870318,Otros,#A6A6A6,senadores,,"RamÓN,  José Luis",PROTECTORA
1286,-3.1387507050693944,2.62234105495055,2.018879131894212,Kirchnerismo/PJ,#A5D4E5,senadores,,"Rauschenberger,  Ariel",JUSTICIALISTA
1287,-2.3395733743934457,-3.0828912142745653,-1.5857376295353762,Cambiemos,#FEDB30,senadores,,"Regidor Belledone,  Estela Mercedes",UNIÓN CÍVICA RADICAL
1288,-2.572337047856889,-3.3954558592499335,-1.147536546913559,Cambiemos,#FEDB30,senadores,,"Reyes,  Roxana Nahir",UNIÓN CÍVICA RADICAL
1289,0.05091804810932013,-0.5452518912817528,0.2904650750236441,Kirchnerismo/PJ,#A5D4E5,senadores,,"Rodenas,  Alejandra",NUEVO ESPACIO SANTAFESINO
1290,-3.108616996461875,2.5506021750334282,1.8207253471378626,Kirchnerismo/PJ,#A5D4E5,senadores,,"Romero,  Jorge Antonio",FRENTE PARA LA VICTORIA
1291,-1.1700172362284327,-1.344174046334495,3.120631053068975,Kirchnerismo/PJ,#A5D4E5,senadores,,"Rossi,  AgustíN",FRENTE PARA LA VICTORIA
1292,-3.0682978316102982,2.68702790981511,1.8940588606353619,Kirchnerismo/PJ,#A5D4E5,senadores,,"Rosso,  Victoria",UNIDAD JUSTICIALISTA
1293,-2.4428684975433104,3.3219514609095087,0.5168330605782973,Kirchnerismo/PJ,#A5D4E5,senadores,,"Russo,  Laura",FRENTE PARA LA VICTORIA
1294,-0.15391226970743171,-0.7078526541780824,0.6554896812321231,Kirchnerismo/PJ,#A5D4E5,senadores,,"Saadi,  Gustavo Arturo",ELIJO CATAMARCA
1295,-2.2160227477066528,-3.312558673872176,-1.6763533381019144,Cambiemos,#FEDB30,senadores,,"Sahad,  Julio Enrique",PRO
1296,-1.2323745730823277,-1.4032213299357446,3.2383470906442215,Kirchnerismo/PJ,#A5D4E5,senadores,,"Salvarezza,  Roberto",FRENTE PARA LA VICTORIA
1298,-2.036344942994267,-3.0221681147847828,-1.631997288151994,Cambiemos,#FEDB30,senadores,,"Schlereth,  David Pablo",PRO
1299,-0.716534890991761,-0.9099721361616145,1.4866503460610372,Kirchnerismo/PJ,#A5D4E5,senadores,,"Scioli,  Daniel",FRENTE PARA LA VICTORIA
1300,-2.814721462228751,1.81062358520464,2.0549147964963854,Kirchnerismo/PJ,#A5D4E5,senadores,,"Sierra,  Magdalena",FRENTE PARA LA VICTORIA
1301,-3.0066916460051263,2.665517610236263,1.6762976952685071,Kirchnerismo/PJ,#A5D4E5,senadores,,"Siley,  Vanesa",FRENTE PARA LA VICTORIA
1302,-2.292984781323669,-3.052713899294362,-1.4846109355270143,Cambiemos,#FEDB30,senadores,,"Stefani,  HéCtor Antonio",PRO
1303,-2.3481986715247873,-3.060139077429471,-1.3889153075427882,Cambiemos,#FEDB30,senadores,,"Suarez Lastra,  Facundo",UNIÓN CÍVICA RADICAL
1304,-3.0070871844117346,2.558208680187866,2.0713544258080288,Kirchnerismo/PJ,#A5D4E5,senadores,,"Vallejos,  MaríA Fernanda",FRENTE PARA LA VICTORIA
1305,-0.7872309701291489,-1.2188084897053213,2.0853496940313314,Peronismo no K,#00FF50,senadores,,"Vallone,  Andres Alberto",UNIDAD JUSTICIALISTA
1306,-2.777278547973618,2.7020958945492226,2.0725638977728607,Kirchnerismo/PJ,#A5D4E5,senadores,,"Vázquez,  Juan Benedicto",FRENTE PARA LA VICTORIA
1307,-2.5496017338738155,2.310761018991538,1.4164403032810542,Peronismo no K,#00FF50,senadores,,"Vigo,  Alejandra María",CÓRDOBA FEDERAL
1308,-2.6316924318391774,-2.9887562244590917,-1.2235298578146556,Cambiemos,#FEDB30,senadores,,"Villa,  Natalia Soledad",PRO
1309,-3.023658569520242,1.947023917695883,1.289004253031109,Kirchnerismo/PJ,#A5D4E5,senadores,,"Wellbach,  Ricardo",FRENTE DE LA CONCORDIA MISIONERO
1310,-3.0922254529163746,2.7182577848155205,1.9887431604543648,Kirchnerismo/PJ,#A5D4E5,senadores,,"Yasky,  Hugo",FRENTE PARA LA VICTORIA
1311,-2.9602003576995592,2.696703195349793,1.6473987658076434,Kirchnerismo/PJ,#A5D4E5,senadores,,"Yedlin,  Pablo Raúl",JUSTICIALISTA POR TUCUMÁN
1312,-2.5492980022497567,-2.9804349488595734,-1.1302723414782596,Cambiemos,#FEDB30,senadores,,"Zamarbide,  Federico RaùL",UNIÓN CÍVICA RADICAL
1313,-0.9629902340057073,-1.2884286507170586,2.628637814099635,Kirchnerismo/PJ,#A5D4E5,senadores,,"Zamora,  Claudia",FRENTE CÍVICO POR SANTIAGO
1314,3.158433582650691,-0.6640742385875806,2.5677730305137016,Otros,#A6A6A6,senadores,,"Catalfamo,  Eugenia",Frente Unidad Justicialista San Luis
1316,0.1325260936631607,-0.4804271109713644,0.19997348656489683,Kirchnerismo y aliados,#A5D4E5,senadores,,"Fernández De Kirchner,  Cristina",UNIDAD CIUDADANA
1317,2.4222633649749983,-0.4522885267831545,0.6731890568685356,Cambiemos,#FEDB30,senadores,mfiad@diputados.gob.ar,"Fiad,  Mario R.",
1319,3.3101066677187525,-0.6497297045697813,2.5254505805785734,PJ ,#A05F11,senadores,,"López Valverde,  Cristina",FRENTE DE TODOS
1320,2.44746519969721,-0.45689508723734923,0.7224249278800678,Cambiemos,#FEDB30,senadores,jmartinez@diputados.gob.ar,"MartÍNez,  Julio",
1321,1.8657850783878964,-0.48529437261630254,0.5995414033504461,Cambiemos,#FEDB30,senadores,,"Poggi,  Claudio",Cambiemos por San Luis
1322,0.46981757690818354,-0.4466513957932024,0.14923093681644448,PJ ,#A05F11,senadores,,"Porcel De Riccobelli,  Blanca",
1323,2.4506366496978584,-0.4622378536015868,0.7377474590635318,Cambiemos,#FEDB30,senadores,,"Schiavoni,  Humberto",Cambiemos
1324,2.9173179382903314,-0.6586409482641549,2.409241125596467,Otros,#A6A6A6,senadores,,"Solari Quintana,  Magdalena",FRENTE RENOVADOR DE LA CONCORDIA
1325,1.970150719184238,-0.4929139457115265,0.6979043802042862,Cambiemos,#FEDB30,senadores,,"Tapia,  MarÍA BÉLen",Cambiemos
1326,3.442557952600703,-0.6343986632882621,2.5049812256541184,PJ ,#A05F11,senadores, junac@diputados.gob.ar,"UÑAc,  JosÉ RubÉN.",
1327,-2.4737338444344203,-3.294861285915417,-0.8265083997603451,Cambiemos,#FEDB30,senadores,,"Cantard,  Albor Angel",UNIÓN CÍVICA RADICAL
1328,-1.0387573714087328,-1.3647286294950618,2.7677898321794796,Kirchnerismo/PJ,#A5D4E5,senadores,,"David,  Javier",JUSTICIALISTA
1329,-0.9804033133874874,-1.8927328475142795,1.9933910255207903,Cambiemos,#FEDB30,senadores,,"Ricci,  Nadia Lorena",UNIÓN CÍVICA RADICAL
1330,-3.094358112067727,2.0801654089663013,1.6538704028556264,Kirchnerismo/PJ,#A5D4E5,senadores,,"Sapag,  Alma Liliana",MOVIMIENTO POPULAR NEUQUINO
1331,-1.0051417602222592,-1.9315683146428277,1.9816730450653235,Cambiemos,#FEDB30,senadores,,"Bragagnolo,  SebastiáN",PRO
1332,-0.6910625751559908,-1.116623690481988,1.9367368839155983,Kirchnerismo/PJ,#A5D4E5,senadores,,"Asencio,  Fernando",RED POR ARGENTINA
1334,-1.2556371991588375,-1.4511796948682296,3.253415076364145,Kirchnerismo/PJ,#A5D4E5,senadores,,"Bahillo, Juan José",JUSTICIALISTA
1341,-2.9823215605415316,2.7523411070714716,1.670934395413466,Kirchnerismo/PJ,#A5D4E5,senadores,,"Herrera,  Bernardo José",FRENTE CÍVICO POR SANTIAGO
1342,-0.5594631197168662,-1.066623826296341,1.740848741378473,Izquierda,#D23939,senadores,,"Schlotthauer,  Monica Leticia",Izquierda Socialista - FIT
1343,-1.059595779102979,-1.3392604710117713,2.8040826369987024,Cambiemos,#FEDB30,senadores,,"Moretti,  José",FEDERAL UNIDOS POR UNA NUEVA ARGENTINA
1344,-0.8730603809320686,-1.7205146634045503,1.8266691289661137,Cambiemos,#FEDB30,senadores,,"Caballero,  Alejandra Alcira",UNIÓN PRO
1346,0.1258606882068341,-0.4790081092961858,0.17306195026945634,Cambiemos,#FEDB30,senadores,,". No Incorporado,  Legislador 1",PRO
1347,-0.7977125908352567,2.3425125276396788,0.027797989250323653,Kirchnerismo/PJ,#A5D4E5,senadores,,"Alderete,  Juan Carlos",FRENTE DE TODOS
1348,-1.3503760581142692,-0.8991800818323723,-2.772766970985349,Cambiemos,#FEDB30,senadores,,"ÁLvarez,  Felipe",Acción Federal
1349,-1.3299200899789676,-1.5295185911566556,-3.078178099251843,Cambiemos,#FEDB30,senadores,,"Amaya,  Domingo",PRO
1350,-1.7572528177037245,3.5945126405225953,-1.0614739942004774,Kirchnerismo/PJ,#A5D4E5,senadores,,"Ameri,  Juan Emilio",FRENTE DE TODOS
1351,-1.3351906357294574,-1.2589980889776489,-2.9439320172688626,Cambiemos,#FEDB30,senadores,,"Angelini,  Federico",PRO
1352,-1.7572528177037245,3.5945126405225953,-1.0614739942004774,Kirchnerismo/PJ,#A5D4E5,senadores,,"Aparicio,  Alicia Noemi",FRENTE DE TODOS
1353,-1.323812723608094,-1.8540107971111417,-3.205798523782869,Cambiemos,#FEDB30,senadores,,"Ascarate,  Lidia",UNIÓN CÍVICA RADICAL
1354,-1.7572528177037245,3.5945126405225953,-1.0614739942004774,Kirchnerismo/PJ,#A5D4E5,senadores,,"BÁRbaro,  Hector Orlando",FRENTE DE TODOS
1355,-1.3704161663495822,-1.650093658902605,-3.195536896697103,Cambiemos,#FEDB30,senadores,,"Berhongaray,  Martin Antonio",UNIÓN CÍVICA RADICAL
1356,-1.7572528177037245,3.5945126405225953,-1.0614739942004774,Kirchnerismo/PJ,#A5D4E5,senadores,,"Bermejo,  Alejandro Daniel",FRENTE DE TODOS
1357,-1.6648665308162913,3.528680484979091,-0.9320217490168667,Kirchnerismo/PJ,#A5D4E5,senadores,,"Bogdanich,  Esteban Mateo",FRENTE DE TODOS
1358,-1.323812723608094,-1.8540107971111417,-3.205798523782869,Cambiemos,#FEDB30,senadores,,"Cacace,  Alejandro",UNIÓN CÍVICA RADICAL
1359,-1.293359817286393,3.244931101404676,-0.40641564164294347,Kirchnerismo/PJ,#A5D4E5,senadores,,"Caliva,  Lia Veronica",FRENTE DE TODOS
1360,-1.7572528177037245,3.5945126405225953,-1.0614739942004774,Kirchnerismo/PJ,#A5D4E5,senadores,,"CaparrÓS,  Mabel Luisa",FRENTE DE TODOS
1361,-1.7572528177037245,3.5945126405225953,-1.0614739942004774,Kirchnerismo/PJ,#A5D4E5,senadores,,"Casaretto,  Marcelo Pablo",FRENTE DE TODOS
1362,-1.7572528177037245,3.5945126405225953,-1.0614739942004774,Kirchnerismo/PJ,#A5D4E5,senadores,,"Casas,  Sergio Guillermo",FRENTE DE TODOS
1363,-1.1414188628333954,-2.0221572439867948,-2.9691283024914994,Cambiemos,#FEDB30,senadores,,"Castets,  Laura Carolina",COALICIÓN CÍVICA
1364,-1.0358212116440555,-1.3693554159601935,-2.4420056573950286,Cambiemos,#FEDB30,senadores,,"Cipolini,  Gerardo",UNIÓN CÍVICA RADICAL
1365,-1.2860314480001653,3.2502974131840077,-0.381466672618988,Kirchnerismo/PJ,#A5D4E5,senadores,,"Cisneros,  Carlos Anibal",FRENTE DE TODOS
1366,-0.7551647676450939,-1.9005442645068467,-2.2133974124396683,Cambiemos,#FEDB30,senadores,,"Cornejo,  Virginia Maria",PRO
1367,-1.7572528177037245,3.5945126405225953,-1.0614739942004774,Kirchnerismo/PJ,#A5D4E5,senadores,,"Corpacci,  Lucia",FRENTE DE TODOS
1368,-1.4170196090910705,-1.4461765206940669,-3.185275269611338,Cambiemos,#FEDB30,senadores,,"Crescimbeni,  Camila",PRO
1369,-1.7572528177037245,3.5945126405225953,-1.0614739942004774,Kirchnerismo/PJ,#A5D4E5,senadores,,"Daives,  Ricardo Daniel",FRENTE DE TODOS
1370,-1.6701532985916225,3.511170570060004,-0.9543768238409834,Kirchnerismo/PJ,#A5D4E5,senadores,,"Daldovo,  Nelly Ramona",FRENTE DE TODOS
1371,-0.854431434528523,-2.249851517289646,-2.578003551605702,Cambiemos,#FEDB30,senadores,,"De Lamadrid,  Alvaro HéCtor",UNIÓN CÍVICA RADICAL
1372,-1.7572528177037245,3.5945126405225953,-1.0614739942004774,Otros,#A6A6A6,senadores,,"Di Giacomo,  Luis",Juntos Somos Río Negro
1373,-1.323812723608094,-1.8540107971111417,-3.205798523782869,Cambiemos,#FEDB30,senadores,,"El Sukaria,  Soher",PRO
1374,-1.4817581182043216,0.10151591344980507,-2.460324543185366,Consenso Federal / PJ no K,#00FF50,senadores,,"Estevez,  Enrique Eloy",Socialista
1375,-1.7572528177037245,3.5945126405225953,-1.0614739942004774,Kirchnerismo/PJ,#A5D4E5,senadores,,"Fagioli,  Federico",FRENTE DE TODOS
1376,-1.7572528177037245,3.5945126405225953,-1.0614739942004774,Kirchnerismo/PJ,#A5D4E5,senadores,,"Fernandez,  Eduardo Gabriel",FRENTE DE TODOS
1377,-1.7572528177037245,3.5945126405225953,-1.0614739942004774,Kirchnerismo/PJ,#A5D4E5,senadores,,"Fernandez,  Hector",FRENTE DE TODOS
1378,-1.2332295246179095,-1.950363920954772,-3.097591132449584,Cambiemos,#FEDB30,senadores,,"Ferraro,  Maximiliano Carlos Francisco",COALICIÓN CÍVICA
1379,-1.7467117262027452,3.0534716361645846,-1.329966158166435,Kirchnerismo/PJ,#A5D4E5,senadores,,"Ferreyra,  Daniel Julio",FRENTE DE TODOS
1380,-0.4381681629683768,-1.435214424388397,-1.3719746175455323,Cambiemos,#FEDB30,senadores,,"Frade,  Monica",COALICIÓN CÍVICA
1381,-1.3299200899789676,-1.5295185911566556,-3.078178099251843,Cambiemos,#FEDB30,senadores,,"Frigerio,  Federico",PRO
1382,-1.2320020618235799,-1.925804120143164,-3.077335693824783,Cambiemos,#FEDB30,senadores,,"Garcia,  Ximena",UNIÓN CÍVICA RADICAL
1383,-1.3299200899789676,-1.5295185911566556,-3.078178099251843,Cambiemos,#FEDB30,senadores,,"Garcia De Luca,  Sebastian",PRO
1384,-1.5116956703234683,2.988136284107069,-0.9330718651361322,Kirchnerismo/PJ,#A5D4E5,senadores,,"Godoy,  Lucas Javier",FRENTE DE TODOS
1385,-1.7572528177037245,3.5945126405225953,-1.0614739942004774,Kirchnerismo/PJ,#A5D4E5,senadores,,"GonzÁLez,  Pablo Gerardo",FRENTE DE TODOS
1386,-1.7572528177037245,3.5945126405225953,-1.0614739942004774,Kirchnerismo/PJ,#A5D4E5,senadores,,"Guevara Olivera,  Alejandro Francisco",FRENTE DE TODOS
1387,-1.5116956703234683,2.988136284107069,-0.9330718651361322,Consenso Federal / PJ no K,#00FF50,senadores,,"Gutierrez,  Carlos Mario",CÓRDOBA FEDERAL
1388,-1.7572528177037245,3.5945126405225953,-1.0614739942004774,Kirchnerismo/PJ,#A5D4E5,senadores,,"GutiÉRrez,  Carlos Ramiro",FRENTE DE TODOS
1389,-1.6648665308162913,3.528680484979091,-0.9320217490168667,Kirchnerismo/PJ,#A5D4E5,senadores,,"Hagman,  Itai",FRENTE DE TODOS
1390,-1.2833166472374804,-1.7334357293651945,-3.088439726337606,Cambiemos,#FEDB30,senadores,,"Hein,  Gustavo Rene",PRO
1391,-1.7572528177037245,3.5945126405225953,-1.0614739942004774,Kirchnerismo/PJ,#A5D4E5,senadores,,"HernÁNdez,  Estela Beatriz",FRENTE DE TODOS
1392,-0.8383500636123318,-1.8241610627610312,-2.3164560999486703,Cambiemos,#FEDB30,senadores,,"Jetter,  Ingrid",PRO
1393,-1.4392970947632944,-1.1873036342300844,-3.0832584906570415,Cambiemos,#FEDB30,senadores,,"Joury,  Mercedes",PRO
1394,-0.8083384056027303,-1.171923623462323,-1.9136554212252896,Cambiemos,#FEDB30,senadores,,"Juez,  Luis Alfredo",PRO
1395,-1.7572528177037245,3.5945126405225953,-1.0614739942004774,Kirchnerismo/PJ,#A5D4E5,senadores,,"Koenig,  Marcelo Christian",FRENTE DE TODOS
1396,-1.7572528177037245,3.5945126405225953,-1.0614739942004774,Kirchnerismo/PJ,#A5D4E5,senadores,,"Lampreabe,  Florencia",FRENTE DE TODOS
1397,-1.7572528177037245,3.5945126405225953,-1.0614739942004774,Kirchnerismo/PJ,#A5D4E5,senadores,,"Landriscini,  Susana Graciela",FRENTE DE TODOS
1398,-1.1892497683692127,-1.8427999065898633,-2.9791221140305355,Cambiemos,#FEDB30,senadores,,"Latorre,  Jimena Hebe",UNIÓN CÍVICA RADICAL
1399,-1.7572528177037245,3.5945126405225953,-1.0614739942004774,Kirchnerismo/PJ,#A5D4E5,senadores,,"Leito,  Mario",FRENTE DE TODOS
1400,-1.7572528177037245,3.5945126405225953,-1.0614739942004774,Kirchnerismo/PJ,#A5D4E5,senadores,,"Leiva,  Aldo",FRENTE DE TODOS
1401,-1.2160174330552596,-1.5348071041816331,-2.8528395826383988,Cambiemos,#FEDB30,senadores,,"Lena,  Gabriela Mabel",UNIÓN CÍVICA RADICAL
1402,-1.7572528177037245,3.5945126405225953,-1.0614739942004774,Kirchnerismo/PJ,#A5D4E5,senadores,,"Lopez,  Jimena",FRENTE DE TODOS
1403,-1.7572528177037245,3.5945126405225953,-1.0614739942004774,Kirchnerismo/PJ,#A5D4E5,senadores,,"LÓPez RodrÍGuez,  Dante Edgardo",FRENTE DE TODOS
1404,-1.1414188628333954,-2.0221572439867948,-2.9691283024914994,Cambiemos,#FEDB30,senadores,,"Manzi,  Rubén",COALICIÓN CÍVICA
1405,-1.73130460159227,3.0091075755800887,-1.3286317867380868,Consenso Federal / PJ no K,#00FF50,senadores,,"Marquez,  Claudia Gabriela",CÓRDOBA FEDERAL
1406,-1.323812723608094,-1.8540107971111417,-3.205798523782869,Cambiemos,#FEDB30,senadores,,"Martin,  Juan",UNIÓN CÍVICA RADICAL
1407,-1.7572528177037245,3.5945126405225953,-1.0614739942004774,Kirchnerismo/PJ,#A5D4E5,senadores,,"MartÍNez,  GermáN Pedro",FRENTE DE TODOS
1408,-1.2358532111107008,-1.6388827683813263,-2.968860486944771,Cambiemos,#FEDB30,senadores,,"MartÍNez,  Maria Dolores",UNIÓN CÍVICA RADICAL
1409,-1.7572528177037245,3.5945126405225953,-1.0614739942004774,Kirchnerismo/PJ,#A5D4E5,senadores,,"MartÍNez,  Maria Rosa",FRENTE DE TODOS
1410,-1.7572528177037245,3.5945126405225953,-1.0614739942004774,Kirchnerismo/PJ,#A5D4E5,senadores,,"Montoto,  MaríA Luisa",FRENTE DE TODOS
1411,-1.4170196090910705,-1.4461765206940669,-3.185275269611338,Cambiemos,#FEDB30,senadores,,"Morales Gorleri,  Victoria",PRO
1412,-1.7572528177037245,3.5945126405225953,-1.0614739942004774,Kirchnerismo/PJ,#A5D4E5,senadores,,"Mounier,  Patricia Monica",FRENTE DE TODOS
1413,-1.7572528177037245,3.5945126405225953,-1.0614739942004774,Kirchnerismo/PJ,#A5D4E5,senadores,,"Obeid,  Alejandra Del Huerto",FRENTE DE TODOS
1414,-1.7572528177037245,3.5945126405225953,-1.0614739942004774,Kirchnerismo/PJ,#A5D4E5,senadores,,"Ormachea,  Claudia",FRENTE DE TODOS
1415,-1.3299200899789676,-1.5295185911566556,-3.078178099251843,Cambiemos,#FEDB30,senadores,,"Orrego,  Humberto Marcelo",Producción y Trabajo
1416,-1.7572528177037245,3.5945126405225953,-1.0614739942004774,Kirchnerismo/PJ,#A5D4E5,senadores,,"Parola,  Maria Graciela",FRENTE DE TODOS
1417,-1.7572528177037245,3.5945126405225953,-1.0614739942004774,Kirchnerismo/PJ,#A5D4E5,senadores,,"Penacca,  Paula Andrea",FRENTE DE TODOS
1418,-1.7572528177037245,3.5945126405225953,-1.0614739942004774,Kirchnerismo/PJ,#A5D4E5,senadores,,"PÉRez Araujo,  HernáN",FRENTE DE TODOS
1419,-1.7572528177037245,3.5945126405225953,-1.0614739942004774,Kirchnerismo/PJ,#A5D4E5,senadores,,"Ponce,  Carlos Ybrhain",FRENTE DE TODOS
1420,-1.4392970947632944,-1.1873036342300844,-3.0832584906570415,Cambiemos,#FEDB30,senadores,,"Rey,  Maria Lujan",PRO
1421,-1.319551385685575,-1.5079966581700344,-3.0376129478690865,Cambiemos,#FEDB30,senadores,,"Rezinovsky,  Dina Esther",PRO
1422,-1.251693958187659,-0.9627423136392151,-2.626824482016323,Cambiemos,#FEDB30,senadores,,"Rizzotti,  Jorge",UNIÓN CÍVICA RADICAL
1423,-1.596238188288514,1.4559355490048627,-1.9402463698900054,Consenso Federal / PJ no K,#00FF50,senadores,,"Rodriguez,  Alejandro",CONSENSO FEDERAL
1424,-1.7572528177037245,3.5945126405225953,-1.0614739942004774,Kirchnerismo/PJ,#A5D4E5,senadores,,"Rodriguez Saa,  NicoláS Marcelo",FRENTE DE TODOS
1425,-1.323812723608094,-1.8540107971111417,-3.205798523782869,Cambiemos,#FEDB30,senadores,,"Romero,  Victor Hugo",UNIÓN CÍVICA RADICAL
1426,-1.2160174330552596,-1.5348071041816331,-2.8528395826383988,Cambiemos,#FEDB30,senadores,,"Ruarte,  Adriana Noemi",PRO
1427,-1.1342565259819768,-1.9987804083982386,-2.931368599085329,Cambiemos,#FEDB30,senadores,,"Salvador,  Sebastian NicoláS",UNIÓN CÍVICA RADICAL
1428,-0.9416824370557089,-1.7652769820005254,-2.491503502112941,Cambiemos,#FEDB30,senadores,,"Sanchez,  Francisco",PRO
1429,-1.7572528177037245,3.5945126405225953,-1.0614739942004774,Kirchnerismo/PJ,#A5D4E5,senadores,,"Sand Giorasi,  Nancy Aracely",FRENTE DE TODOS
1430,-1.1289179139431582,-1.6181491746442225,-2.745742412278903,Cambiemos,#FEDB30,senadores,,"Schiavoni,  Alfredo Oscar",PRO
1431,-1.7572528177037245,3.5945126405225953,-1.0614739942004774,Kirchnerismo/PJ,#A5D4E5,senadores,,"Soria,  Martin Ignacio",FRENTE DE TODOS
1432,-1.7572528177037245,3.5945126405225953,-1.0614739942004774,Kirchnerismo/PJ,#A5D4E5,senadores,,"Sposito,  AyeléN",FRENTE DE TODOS
1433,-1.2332295246179095,-1.950363920954772,-3.097591132449584,Cambiemos,#FEDB30,senadores,,"Stilman,  Mariana",COALICIÓN CÍVICA
1434,-1.4170196090910705,-1.4461765206940669,-3.185275269611338,Cambiemos,#FEDB30,senadores,,"Torres,  Ignacio Agustin",PRO
1435,-1.7572528177037245,3.5945126405225953,-1.0614739942004774,Kirchnerismo/PJ,#A5D4E5,senadores,,"Uceda,  Marisa Lourdes",FRENTE DE TODOS
1436,-1.7260340558417802,2.73858707340108,-1.4628778687210648,Kirchnerismo/PJ,#A5D4E5,senadores,,"Uhrig,  Romina Maricel",FRENTE DE TODOS
1437,-1.5024910367416107,2.997868068970189,-0.9093805936753905,Kirchnerismo/PJ,#A5D4E5,senadores,,"ValdÉS,  Eduardo Felix",FRENTE DE TODOS
1438,-1.2734914248629903,-1.7146375354249723,-3.0575716796258945,Cambiemos,#FEDB30,senadores,,"Vara,  Jorge Alberto",UNIÓN CÍVICA RADICAL
1439,-1.7572528177037245,3.5945126405225953,-1.0614739942004774,Kirchnerismo/PJ,#A5D4E5,senadores,,"Vessvessian,  Marcela Paola",FRENTE DE TODOS
1440,-1.7572528177037245,3.5945126405225953,-1.0614739942004774,Kirchnerismo/PJ,#A5D4E5,senadores,,"Vilar,  Daniela",FRENTE DE TODOS
1441,-1.7572528177037245,3.5945126405225953,-1.0614739942004774,Kirchnerismo/PJ,#A5D4E5,senadores,,"Vivero,  Carlos Alberto",FRENTE DE TODOS
1442,-1.2358532111107008,-1.6388827683813263,-2.968860486944771,Cambiemos,#FEDB30,senadores,,"Yacobitti,  Emiliano Benjamin",UNIÓN CÍVICA RADICAL
1443,-1.702708343549417,3.420401402192627,-1.0591561588436456,Kirchnerismo/PJ,#A5D4E5,senadores,,"Yambrun,  Liliana",FRENTE DE TODOS
1444,-1.7572528177037245,3.5945126405225953,-1.0614739942004774,Kirchnerismo/PJ,#A5D4E5,senadores,,"Yutrovic,  Ines Carolina",FRENTE DE TODOS
1445,-1.0543193437212934,-2.1054993144493834,-2.862031132132005,Cambiemos,#FEDB30,senadores,,"Zuvic,  Mariana",COALICIÓN CÍVICA
1446,1.6102573487691203,-0.5309848932603388,0.7247428423798693,Cambiemos,#FEDB30,senadores,,"Blanco,  Pablo Daniel",Juntos por el Cambio
1447,2.6096924859657515,-0.7075434047326877,2.5054919438251955,Kirchnerismo/PJ,#A5D4E5,senadores,,"DurÉ,  MarÍA Eugenia",FRENTE DE TODOS
1448,2.6096924859657515,-0.7075434047326877,2.5054919438251955,Kirchnerismo/PJ,#A5D4E5,senadores,,"Gimenez,  Nora Del Valle",FRENTE DE TODOS
1449,2.6096924859657515,-0.7075434047326877,2.5054919438251955,Kirchnerismo/PJ,#A5D4E5,senadores,,"Kueider,  Edgardo Dario",FRENTE DE TODOS
1450,2.271499461339704,-0.6817072015929011,2.2251275775149275,Kirchnerismo/PJ,#A5D4E5,senadores,,"Ledesma,  Claudia Alejandra",FRENTE CÍVICO POR SANTIAGO
1451,2.3926975163692488,-0.6907259966316758,2.3343712611416216,Kirchnerismo/PJ,#A5D4E5,senadores,,"Mirabella,  Roberto Mario",FRENTE PARA LA VICTORIA
1452,2.5393442746245074,-0.7032977328354291,2.4612232356587076,Kirchnerismo/PJ,#A5D4E5,senadores,,"Neder,  JosÉ Emilio",FRENTE CÍVICO POR SANTIAGO
1453,1.5453284022323233,-0.5208439465803296,0.6254895403392102,Cambiemos,#FEDB30,senadores,,"Olalla De Moreira,  Stella Maris",Juntos por el Cambio
1454,2.60969248596575,-0.707543404732687,2.5054919438251946,Kirchnerismo/PJ,#A5D4E5,senadores,,"Parrilli,  Oscar Isidro",FRENTE DE TODOS
1455,2.60969248596575,-0.707543404732687,2.5054919438251946,Kirchnerismo/PJ,#A5D4E5,senadores,,"Recalde,  Mariano",FRENTE DE TODOS
1456,2.5502402522218737,-0.6996697104752752,2.426311552596207,Kirchnerismo/PJ,#A5D4E5,senadores,,"Rodas,  Antonio José",FRENTE DE TODOS
1457,1.5822778467073801,-0.5288231038847445,0.7069752207928538,Cambiemos,#FEDB30,senadores,,"Tagliaferri,  Guadalupe",Cambiemos
1458,2.609692485965751,-0.7075434047326883,2.5054919438251977,Kirchnerismo/PJ,#A5D4E5,senadores,,"Taiana,  Jorge Enrique",UNIDAD CIUDADANA
1459,2.5779165272002773,-0.698519165740229,2.4080297042425967,Otros,#A6A6A6,senadores,,"Weretilneck,  Alberto",Juntos Somos Río Negro
1460,-1.6601206723478805,3.5309572645355605,-0.9115658688969216,Kirchnerismo/PJ,#A5D4E5,senadores,,"Marziotta,  Maria Gisela",FRENTE DE TODOS
1462,-1.2160174330552607,-1.5348071041816296,-2.8528395826383983,Cambiemos,#FEDB30,senadores,,"CÁCeres,  Adriana Cintia",PRO
1467,-1.360226454682568,2.74948116925473,-0.7927888127080924,Kirchnerismo/PJ,#A5D4E5,senadores,,"Bormioli,  Lisandro",FRENTE DE TODOS
